Date,Open,High,Low,Close,Volume,Change %
Nov-02-2016,105.11,105.97,105.01,105.30,3540000,-2.30
Nov-03-2016,104.15,105.87,101.57,105.58,5270000,0.27
Nov-04-2016,106.54,106.54,105.11,105.78,2850000,0.19
Nov-07-2016,105.78,107.02,103.58,105.78,2840000,0.00
Nov-08-2016,106.35,107.11,105.58,107.02,1980000,1.17
Nov-09-2016,106.64,107.02,103.48,105.20,2710000,-1.70
Nov-10-2016,106.54,107.88,105.30,105.39,2590000,0.18
Nov-11-2016,104.15,105.58,103.96,105.58,3950000,0.18
Nov-14-2016,103.20,105.58,103.20,105.01,3850000,-0.54
Nov-15-2016,103.39,106.92,103.39,105.78,2690000,0.73
Nov-16-2016,105.01,107.11,105.01,106.54,1670000,0.72
Nov-17-2016,106.54,108.07,105.97,106.54,3360000,0.00
Nov-18-2016,106.54,106.83,106.35,106.44,784770,-0.09
Nov-21-2016,106.44,107.02,105.78,106.83,2020000,0.37
Nov-22-2016,106.06,106.64,105.11,105.97,2520000,-0.81
Nov-23-2016,105.97,106.73,105.58,106.16,2380000,0.18
Nov-24-2016,106.83,107.11,106.44,107.02,1630000,0.81
Nov-25-2016,107.02,107.30,105.97,107.02,581510,0.00
Nov-28-2016,107.02,107.11,106.44,107.02,813420,0.00
Nov-29-2016,108.07,109.22,107.02,107.02,5500000,0.00
Dec-01-2016,109.41,109.41,107.21,108.83,1900000,1.69
Dec-02-2016,108.93,110.08,108.74,110.08,5150000,1.15
Dec-05-2016,110.36,110.36,108.36,108.93,1120000,-1.04
Dec-06-2016,108.93,109.31,107.21,107.97,1680000,-0.88
Dec-07-2016,108.07,109.69,107.02,109.69,1990000,1.59
Dec-08-2016,109.88,109.88,108.74,109.88,2640000,0.17
Dec-09-2016,109.88,110.08,108.16,109.69,2690000,-0.17
Dec-12-2016,109.69,109.69,106.83,107.02,3900000,-2.43
Dec-13-2016,106.73,108.93,105.11,108.93,1280000,1.78
Dec-14-2016,108.93,108.93,106.16,108.83,1070000,-0.09
Dec-15-2016,108.45,108.55,106.06,106.44,5900000,-2.20
Dec-16-2016,106.44,107.50,105.39,106.06,3660000,-0.36
Dec-19-2016,106.06,106.35,102.24,103.20,3630000,-2.70
Dec-20-2016,102.24,103.20,100.23,100.43,4179999,-2.68
Dec-21-2016,100.52,102.72,100.43,102.24,2020000,1.80
Dec-22-2016,100.62,101.09,98.80,100.23,3910000,-1.97
Dec-23-2016,98.99,100.52,98.99,100.33,4580000,0.10
Dec-27-2016,102.24,102.91,101.29,102.53,1970000,2.19
Dec-28-2016,102.53,107.02,102.53,107.02,1240000,4.38
Dec-29-2016,107.02,107.11,106.06,107.11,1120000,0.08
Jan-03-2017,107.88,107.97,105.11,107.02,924740,-0.08
Jan-04-2017,107.11,111.03,106.06,109.79,7830000,2.59
Jan-05-2017,110.50,112.00,109.00,112.00,4910000,2.01
Jan-06-2017,112.40,115.00,112.00,113.70,3060000,1.52
Jan-09-2017,113.70,114.80,113.00,114.80,1680000,0.97
Jan-10-2017,114.50,115.50,113.50,113.80,2750000,-0.87
Jan-11-2017,113.80,115.00,112.00,113.00,1610000,-0.70
Jan-12-2017,112.00,112.80,111.70,112.80,2110000,-0.18
Jan-13-2017,112.00,112.70,111.90,112.50,711150,-0.27
Jan-16-2017,111.90,112.60,110.80,111.70,1530000,-0.71
Jan-17-2017,111.50,112.10,111.40,111.50,1750000,-0.18
Jan-18-2017,111.60,111.60,110.50,110.80,1660000,-0.63
Jan-19-2017,110.80,111.30,110.60,110.80,2770000,0.00
Jan-20-2017,110.80,111.50,110.40,111.00,2170000,0.18
Jan-23-2017,110.50,114.00,110.00,114.00,2730000,2.70
Jan-24-2017,114.50,114.50,112.50,113.00,1880000,-0.88
Jan-25-2017,113.00,113.20,112.00,112.00,1750000,-0.88
Jan-26-2017,112.60,115.00,112.00,115.00,2830000,2.68
Jan-27-2017,114.30,115.20,114.30,114.50,516309,-0.43
Jan-30-2017,114.40,115.50,114.30,114.80,1090000,0.26
Jan-31-2017,113.00,114.30,112.00,112.60,2820000,-1.92
Feb-01-2017,112.50,113.00,108.50,110.50,3340000,-1.87
Feb-02-2017,110.30,113.00,110.30,112.00,3180000,1.36
Feb-03-2017,111.00,114.50,111.00,114.50,1940000,2.23
Feb-06-2017,114.50,114.50,113.50,114.00,1630000,-0.44
Feb-07-2017,113.20,114.50,113.00,114.30,1890000,0.26
Feb-08-2017,113.40,114.30,112.80,113.60,3070000,-0.61
Feb-09-2017,112.80,114.80,112.70,114.80,1420000,1.06
Feb-10-2017,114.80,115.60,114.50,114.60,1910000,-0.17
Feb-13-2017,114.20,115.00,113.80,114.40,1860000,-0.17
Feb-14-2017,114.00,114.20,112.40,113.20,2400000,-1.05
Feb-15-2017,113.40,113.40,112.80,113.00,1400000,-0.18
Feb-16-2017,113.00,115.40,113.00,115.00,2370000,1.77
Feb-17-2017,114.70,117.40,114.50,116.20,3200000,1.04
Feb-20-2017,116.30,117.10,116.20,116.40,1810000,0.17
Feb-21-2017,116.40,116.40,114.00,115.30,2710000,-0.95
Feb-22-2017,115.40,116.00,113.50,115.80,1720000,0.43
Feb-23-2017,116.00,119.10,114.80,119.10,4280000,2.85
Feb-24-2017,119.00,119.20,117.60,118.00,1880000,-0.92
Feb-27-2017,118.00,119.00,116.80,118.00,846060,0.00
Feb-28-2017,117.50,118.00,114.60,115.50,2530000,-2.12
Mar-01-2017,115.10,117.40,115.10,116.00,985180,0.43
Mar-02-2017,116.20,118.40,116.20,117.50,3090000,1.29
Mar-03-2017,117.50,117.90,117.00,117.60,3440000,0.09
Mar-06-2017,117.60,120.00,117.20,119.50,2740000,1.62
Mar-07-2017,119.00,124.00,118.50,121.60,4050000,1.76
Mar-08-2017,121.50,123.70,121.50,123.00,2260000,1.15
Mar-09-2017,122.80,124.10,122.70,123.00,2500000,0.00
Mar-10-2017,122.80,123.10,119.80,120.40,3130000,-2.11
Mar-13-2017,120.00,121.90,119.70,121.90,2210000,1.25
Mar-14-2017,121.00,123.10,121.00,122.30,1770000,0.33
Mar-15-2017,122.30,122.30,121.00,122.00,2060000,-0.25
Mar-16-2017,122.20,123.40,122.20,122.80,4420000,0.66
Mar-17-2017,123.30,127.50,123.00,125.00,8950000,1.79
Mar-20-2017,124.80,125.10,122.00,124.00,1970000,-0.80
Mar-21-2017,124.10,126.10,124.10,125.00,2780000,0.81
Mar-22-2017,124.50,124.50,122.00,122.50,2510000,-2.00
Mar-23-2017,123.10,123.10,122.40,122.50,1460000,0.00
Mar-24-2017,122.30,124.00,120.00,120.00,2049999,-2.04
Mar-27-2017,120.50,121.20,119.60,120.00,1860000,0.00
Mar-28-2017,121.80,122.50,120.90,121.50,1830000,1.25
Mar-29-2017,121.50,122.00,119.00,119.80,3780000,-1.40
Mar-30-2017,119.70,119.70,118.30,118.50,2260000,-1.09
Mar-31-2017,118.50,118.60,117.60,117.60,4190000,-0.76
Apr-03-2017,117.00,117.60,116.10,116.80,2100000,-0.68
Apr-04-2017,116.80,120.40,116.00,120.00,5140000,2.74
Apr-05-2017,120.00,123.50,119.90,123.00,5390000,2.50
Apr-06-2017,123.00,123.00,121.00,122.00,2560000,-0.81
Apr-07-2017,121.00,122.50,120.60,120.60,4190000,-1.15
Apr-10-2017,120.60,121.40,120.60,121.10,3980000,0.41
Apr-11-2017,121.00,121.80,120.20,120.50,1470000,-0.50
Apr-12-2017,120.50,121.00,120.20,121.00,2300000,0.41
Apr-17-2017,120.00,120.20,119.50,119.90,1100000,-0.91
Apr-18-2017,119.80,120.30,119.00,119.00,2300000,-0.75
Apr-19-2017,118.80,119.90,117.10,119.90,5270000,0.76
Apr-20-2017,119.00,119.00,117.20,118.80,5470000,-0.92
Apr-21-2017,119.00,119.10,117.80,118.50,3960000,-0.25
Apr-24-2017,118.60,119.00,118.10,119.00,1340000,0.42
Apr-25-2017,118.90,120.70,118.60,120.30,3800000,1.09
Apr-26-2017,120.30,121.00,120.10,120.60,2540000,0.25
Apr-27-2017,120.60,120.70,119.60,119.90,1770000,-0.58
May-02-2017,119.90,122.00,118.80,121.00,4070000,0.92
May-03-2017,120.80,121.60,120.50,120.80,1220000,-0.17
May-04-2017,121.00,121.80,120.80,121.10,2760000,0.25
May-05-2017,121.10,123.30,121.10,123.00,4030000,1.57
May-08-2017,123.00,123.90,123.00,123.90,3100000,0.73
May-09-2017,123.90,124.80,122.20,122.90,2560000,-0.81
May-10-2017,122.80,123.50,119.50,119.50,2520000,-2.77
May-11-2017,120.00,121.80,120.00,121.70,2000000,1.84
May-12-2017,121.70,122.30,121.50,122.20,1510000,0.41
May-15-2017,122.20,122.60,121.30,121.80,1920000,-0.33
May-16-2017,122.10,122.10,121.80,121.80,1750000,0.00
May-17-2017,122.00,122.70,121.60,122.50,1810000,0.57
May-18-2017,121.90,121.90,120.00,120.80,2120000,-1.39
May-19-2017,120.10,121.50,120.10,121.20,1480000,0.33
May-22-2017,121.50,122.10,121.00,121.40,1050000,0.17
May-23-2017,121.40,121.70,120.00,120.80,1350000,-0.49
May-24-2017,120.00,121.40,120.00,121.00,1390000,0.17
May-25-2017,121.10,121.20,120.50,120.50,1380000,-0.41
May-26-2017,120.40,121.20,120.40,120.90,1530000,0.33
May-29-2017,120.80,122.20,120.70,122.20,1630000,1.08
May-30-2017,122.00,122.30,121.70,122.00,903240,-0.16
May-31-2017,122.00,122.60,122.00,122.50,4240000,0.41
Jun-01-2017,122.50,123.30,122.40,123.00,3020000,0.41
Jun-02-2017,123.00,124.50,123.00,123.90,2020000,0.73
Jun-05-2017,123.90,125.00,123.90,124.60,2240000,0.56
Jun-06-2017,124.50,124.60,123.70,124.30,1200000,-0.24
Jun-07-2017,124.30,124.80,124.10,124.50,1400000,0.16
Jun-08-2017,124.50,124.80,123.00,123.50,1640000,-0.80
Jun-09-2017,123.50,124.40,123.30,123.80,1380000,0.24
Jun-13-2017,123.80,123.80,122.40,123.40,3070000,-0.32
Jun-14-2017,123.40,124.20,123.20,123.80,1380000,0.32
Jun-15-2017,123.20,125.00,123.20,123.70,1270000,-0.08
Jun-16-2017,123.50,123.60,122.00,122.00,6470000,-1.37
Jun-19-2017,122.20,122.20,120.90,121.30,2660000,-0.57
Jun-20-2017,121.50,121.80,120.50,121.00,1700000,-0.25
Jun-21-2017,120.70,121.00,118.80,120.40,2110000,-0.50
Jun-22-2017,120.40,121.00,120.30,121.00,2550000,0.50
Jun-23-2017,121.10,121.20,120.40,120.60,2190000,-0.33
Jun-27-2017,120.60,122.30,120.60,122.30,1380000,1.41
Jun-28-2017,122.00,122.50,121.70,122.10,1570000,-0.16
Jun-29-2017,122.00,122.20,119.70,121.00,1020000,-0.90
Jun-30-2017,121.00,124.00,120.20,124.00,2410000,2.48
Jul-03-2017,123.50,124.00,122.00,124.00,1040000,0.00
Jul-04-2017,124.00,124.20,123.00,123.00,1020000,-0.81
Jul-05-2017,123.80,123.80,122.10,123.10,671070,0.08
Jul-06-2017,123.10,123.90,122.70,123.60,1150000,0.41
Jul-07-2017,123.60,124.00,123.50,123.80,1300000,0.16
Jul-10-2017,123.90,124.90,123.90,123.90,1240000,0.08
Jul-11-2017,123.90,124.40,123.60,124.40,1280000,0.40
Jul-12-2017,124.30,124.40,123.60,124.20,2580000,-0.16
Jul-13-2017,124.50,125.00,123.40,124.50,1950000,0.24
Jul-14-2017,124.50,124.50,123.00,123.50,6550000,-0.80
Jul-17-2017,124.00,124.00,122.20,122.80,1670000,-0.57
Jul-18-2017,123.00,123.20,121.70,122.10,2150000,-0.57
Jul-19-2017,122.10,122.40,121.90,122.20,3290000,0.08
Jul-20-2017,122.40,123.00,121.50,121.50,6690000,-0.57
Jul-21-2017,122.10,123.90,120.00,123.90,2870000,1.98
Jul-24-2017,123.00,123.80,122.00,123.50,596430,-0.32
Jul-25-2017,123.50,123.50,122.00,122.20,647890,-1.05
Jul-26-2017,122.20,123.70,122.10,123.30,1540000,0.90
Jul-27-2017,123.50,124.30,122.60,122.90,2200000,-0.32
Jul-28-2017,122.90,125.00,122.80,125.00,2690000,1.71
Jul-31-2017,125.10,125.90,123.80,125.90,1960000,0.72
Aug-01-2017,125.50,125.50,124.20,124.50,2330000,-1.11
Aug-02-2017,125.00,131.70,125.00,126.00,4800000,1.20
Aug-03-2017,127.00,129.10,126.90,127.00,2650000,0.79
Aug-04-2017,127.60,129.00,127.00,127.50,1520000,0.39
Aug-07-2017,128.00,129.80,127.50,129.00,4280000,1.18
Aug-08-2017,130.00,132.10,129.90,131.00,6090000,1.55
Aug-09-2017,130.00,130.40,127.90,130.00,1290000,-0.76
Aug-10-2017,130.00,131.00,129.10,130.00,1260000,0.00
Aug-11-2017,129.90,129.90,129.10,129.30,1400000,-0.54
Aug-14-2017,129.30,130.50,129.00,129.00,814250,-0.23
Aug-15-2017,129.50,130.00,128.60,128.80,1200000,-0.16
Aug-16-2017,128.80,130.20,128.50,128.80,2320000,0.00
Aug-17-2017,128.90,131.10,128.80,130.60,3600000,1.40
Aug-18-2017,130.00,130.50,129.50,130.20,1350000,-0.31
Aug-22-2017,130.20,130.20,128.60,128.60,2000000,-1.23
Aug-23-2017,128.60,129.40,127.90,127.90,1640000,-0.54
Aug-24-2017,127.80,128.20,126.70,127.50,1360000,-0.31
Aug-25-2017,127.40,127.40,126.70,127.10,3620000,-0.31
Aug-29-2017,128.00,128.60,127.50,127.80,2060000,0.55
Aug-30-2017,128.00,128.40,127.40,128.00,2140000,0.16
Aug-31-2017,128.00,128.10,127.00,127.10,2400000,-0.70
Sep-04-2017,128.00,129.20,127.10,128.50,2920000,1.10
Sep-05-2017,128.00,128.50,128.00,128.50,2440000,0.00
Sep-06-2017,128.00,128.20,127.00,127.50,4240000,-0.78
Sep-07-2017,128.00,128.10,127.50,127.90,2330000,0.31
Sep-08-2017,128.00,128.00,127.50,127.70,2040000,-0.16
Sep-11-2017,127.90,128.40,127.70,128.00,2240000,0.23
Sep-13-2017,128.30,129.00,128.20,128.80,5240000,0.63
Sep-14-2017,128.90,130.00,128.60,129.80,2490000,0.78
Sep-15-2017,129.80,129.80,128.50,128.90,4550000,-0.69
Sep-18-2017,128.90,130.60,128.90,130.10,3010000,0.93
Sep-19-2017,130.30,130.30,129.40,129.80,3830000,-0.23
Sep-20-2017,130.00,130.30,129.70,129.90,3550000,0.08
Sep-21-2017,129.90,130.00,129.20,129.80,1930000,-0.08
Sep-22-2017,129.80,129.80,128.90,129.30,1770000,-0.39
Sep-25-2017,129.30,129.50,128.90,129.40,754750,0.08
Sep-26-2017,129.50,129.50,129.00,129.50,2660000,0.08
Sep-27-2017,129.50,130.10,129.00,129.70,3130000,0.15
Sep-28-2017,130.00,132.00,129.80,130.00,3810000,0.23
Sep-29-2017,130.30,131.40,130.00,130.70,1770000,0.54
Oct-02-2017,131.00,131.50,130.00,130.00,1270000,-0.54
Oct-03-2017,130.00,134.00,130.00,132.20,4150000,1.69
Oct-04-2017,132.60,135.50,132.60,135.00,3830000,2.12
Oct-05-2017,135.00,135.10,134.00,134.40,3440000,-0.44
Oct-06-2017,135.00,135.50,133.30,133.30,1880000,-0.82
Oct-09-2017,134.00,135.00,133.50,134.40,1130000,0.83
Oct-10-2017,134.40,136.50,134.00,136.50,1340000,1.56
Oct-11-2017,137.00,139.90,136.50,139.90,2600000,2.49
Oct-12-2017,139.40,139.50,137.60,138.70,1900000,-0.86
Oct-13-2017,139.00,143.30,138.70,143.30,2950000,3.32
Oct-17-2017,144.10,149.00,143.50,143.50,6380000,0.14
Oct-18-2017,143.60,145.00,141.70,144.80,3010000,0.91
Oct-19-2017,142.70,147.90,142.60,147.00,1510000,1.52
Oct-20-2017,145.20,146.00,142.00,143.00,3280000,-2.72
Oct-23-2017,142.60,142.60,139.10,140.90,1050000,-1.47
Oct-24-2017,140.90,140.90,136.00,136.00,4730000,-3.48
Oct-25-2017,136.00,138.00,133.00,134.00,4099999,-1.47
Oct-26-2017,134.10,135.00,132.10,135.00,2089999,0.75
Oct-27-2017,135.10,138.00,133.60,138.00,1430000,2.22
Oct-30-2017,138.00,138.00,134.60,137.50,2280000,-0.36
Nov-02-2017,138.00,146.80,137.50,144.00,4200000,4.73
Nov-03-2017,144.00,148.10,143.80,144.00,3180000,0.00
Nov-06-2017,144.00,146.70,143.10,144.50,2670000,0.35
Nov-07-2017,145.20,145.70,141.00,145.00,1510000,0.35
Nov-08-2017,143.70,146.00,143.70,146.00,1370000,0.69
Nov-09-2017,146.00,146.90,144.10,145.00,1320000,-0.68
Nov-10-2017,147.00,148.60,146.50,147.60,2820000,1.79
Nov-13-2017,147.50,147.50,144.30,145.00,1520000,-1.76
Nov-14-2017,144.90,145.00,141.80,142.60,1520000,-1.66
Nov-15-2017,142.00,143.90,140.50,141.00,1950000,-1.12
Nov-16-2017,141.00,148.10,141.00,146.10,3470000,3.62
Nov-17-2017,146.50,147.00,145.40,146.20,3140000,0.07
Nov-20-2017,146.50,149.10,146.50,148.70,1500000,1.71
Nov-21-2017,149.00,149.50,146.50,149.00,833400,0.20
Nov-22-2017,149.00,149.50,144.50,144.50,854080,-3.02
Nov-23-2017,146.50,146.50,145.30,145.90,1070000,0.97
Nov-24-2017,146.00,146.10,145.00,145.10,861930,-0.55
Nov-27-2017,145.10,145.50,143.90,144.70,1190000,-0.28
Nov-28-2017,143.00,145.00,143.00,144.90,1310000,0.14
Nov-29-2017,144.80,146.40,143.00,146.00,5330000,0.76
Dec-01-2017,147.80,150.40,146.40,147.00,3670000,0.68
Dec-04-2017,146.00,146.00,142.60,145.80,3820000,-0.82
Dec-05-2017,145.10,146.90,142.80,146.50,2470000,0.48
Dec-06-2017,145.30,147.00,145.10,145.50,1760000,-0.68
Dec-07-2017,145.50,146.00,143.50,146.00,1100000,0.34
Dec-08-2017,144.00,148.00,144.00,148.00,1630000,1.37
Dec-11-2017,147.00,153.00,146.00,153.00,2460000,3.38
Dec-12-2017,153.00,153.00,149.50,153.00,1700000,0.00
Dec-13-2017,153.00,153.50,150.50,153.50,2060000,0.33
Dec-14-2017,153.50,155.00,152.00,155.00,1730000,0.98
Dec-15-2017,155.00,157.00,154.70,157.00,2500000,1.29
Dec-18-2017,157.00,157.00,154.50,154.80,1630000,-1.40
Dec-19-2017,153.90,154.00,150.30,150.30,3630000,-2.91
Dec-20-2017,150.40,152.80,150.40,151.40,2100000,0.73
Dec-21-2017,151.50,152.00,149.60,150.10,1860000,-0.86
Dec-22-2017,150.10,153.60,150.10,153.60,725200,2.33
Dec-27-2017,153.50,155.90,153.00,155.80,1800000,1.43
Dec-28-2017,156.00,158.50,155.20,158.20,3060000,1.54
Dec-29-2017,158.20,166.50,158.00,164.00,4540000,3.67
Jan-03-2018,163.50,163.80,160.10,161.00,3990000,-1.83
Jan-04-2018,161.00,161.20,159.10,160.00,3420000,-0.62
Jan-05-2018,160.00,160.70,159.60,160.00,4520000,0.00
Jan-08-2018,160.10,160.10,155.20,156.30,3390000,-2.31
Jan-09-2018,158.00,164.60,157.50,164.60,1670000,5.31
Jan-10-2018,164.60,165.30,163.40,164.80,1380000,0.12
Jan-11-2018,165.20,165.90,163.80,165.00,3500000,0.12
Jan-12-2018,165.50,167.70,164.00,164.90,3150000,-0.06
Jan-15-2018,166.00,166.50,163.00,163.00,1620000,-1.15
Jan-16-2018,165.00,165.00,161.00,161.00,2340000,-1.23
Jan-17-2018,161.10,162.10,158.50,160.00,3540000,-0.62
Jan-18-2018,159.80,159.80,156.90,157.00,5460000,-1.88
Jan-19-2018,158.20,162.00,158.00,159.50,3170000,1.59
Jan-22-2018,159.50,160.20,158.00,159.00,2140000,-0.31
Jan-23-2018,159.00,160.00,158.20,159.50,3200000,0.31
Jan-24-2018,159.50,159.50,156.90,157.90,3350000,-1.00
Jan-25-2018,157.90,158.00,156.50,157.00,2730000,-0.57
Jan-26-2018,157.50,158.10,156.40,157.50,2780000,0.32
Jan-29-2018,157.50,158.50,155.40,156.50,4380000,-0.63
Jan-30-2018,156.00,156.00,154.50,155.50,3720000,-0.64
Jan-31-2018,155.40,155.40,151.60,153.00,4860000,-1.61
Feb-01-2018,151.50,154.20,150.50,152.50,2600000,-0.33
Feb-02-2018,152.50,155.00,152.50,153.50,2220000,0.66
Feb-05-2018,152.20,152.20,149.90,150.50,5050000,-1.95
Feb-06-2018,148.00,150.00,146.10,150.00,4390000,-0.33
Feb-07-2018,150.50,153.00,149.90,153.00,3220000,2.00
Feb-08-2018,153.00,154.50,152.30,153.70,1820000,0.46
Feb-09-2018,151.00,152.70,149.00,150.00,1700000,-2.41
Feb-12-2018,154.80,154.80,148.40,150.00,1060000,0.00
Feb-13-2018,150.00,152.40,149.10,150.00,1210000,0.00
Feb-14-2018,150.00,153.00,148.40,153.00,763090,2.00
Feb-15-2018,153.00,153.00,150.10,150.30,1060000,-1.76
Feb-19-2018,150.00,158.00,150.00,156.00,3650000,3.79
Feb-20-2018,155.80,155.80,151.60,152.70,2009999,-2.12
Feb-21-2018,152.00,152.10,150.00,150.00,2670000,-1.77
Feb-22-2018,150.00,150.50,148.50,150.00,3090000,0.00
Feb-23-2018,151.00,152.90,147.00,147.00,2310000,-2.00
Feb-26-2018,148.50,150.00,147.00,150.00,2260000,2.04
Feb-27-2018,151.00,157.00,151.00,157.00,2730000,4.67
Feb-28-2018,156.00,156.00,153.10,155.80,2460000,-0.76
Mar-01-2018,155.50,155.50,152.30,153.20,644620,-1.67
Mar-02-2018,153.00,155.00,150.20,155.00,1410000,1.17
Mar-05-2018,155.00,155.00,150.90,151.00,1280000,-2.58
Mar-06-2018,150.20,153.00,149.50,150.00,1600000,-0.66
Mar-07-2018,150.00,154.80,149.50,154.80,1460000,3.20
Mar-08-2018,154.00,154.00,149.90,150.00,1300000,-3.10
Mar-09-2018,152.80,152.80,149.00,149.00,933410,-0.67
Mar-12-2018,151.90,153.30,149.00,153.30,1480000,2.89
Mar-13-2018,152.50,152.50,149.10,149.50,2049999,-2.48
Mar-14-2018,149.50,150.00,147.30,150.00,1600000,0.33
Mar-15-2018,148.00,149.90,143.80,145.40,3050000,-3.07
Mar-16-2018,145.90,148.00,142.30,146.60,5040000,0.83
Mar-19-2018,148.00,150.00,146.00,149.00,1300000,1.64
Mar-20-2018,148.80,148.80,144.00,145.00,3880000,-2.68
Mar-21-2018,144.10,144.30,138.50,142.00,4120000,-2.07
Mar-22-2018,143.80,145.20,141.90,143.50,2250000,1.06
Mar-23-2018,142.00,142.00,138.50,140.00,5100000,-2.44
Mar-26-2018,139.60,139.80,137.20,138.00,3900000,-1.43
Mar-27-2018,138.50,141.00,138.50,140.00,2440000,1.45
Mar-28-2018,139.80,139.90,138.00,139.00,2440000,-0.71
Apr-02-2018,137.00,140.20,136.20,140.20,1460000,0.86
Apr-03-2018,138.00,141.30,138.00,140.50,1910000,0.21
Apr-04-2018,140.60,141.00,138.60,138.90,1780000,-1.14
Apr-05-2018,139.00,140.40,138.00,138.80,832870,-0.07
Apr-06-2018,139.50,139.90,133.90,134.60,1740000,-3.03
Apr-10-2018,134.00,138.50,133.90,136.70,2700000,1.56
Apr-11-2018,136.90,139.00,135.00,137.30,4099999,0.44
Apr-12-2018,138.00,139.00,137.40,139.00,1610000,1.24
Apr-13-2018,139.00,139.90,138.10,138.30,1250000,-0.50
Apr-16-2018,139.00,139.00,137.30,137.90,1140000,-0.29
Apr-17-2018,137.70,137.70,132.30,133.00,1760000,-3.55
Apr-18-2018,133.20,137.00,133.20,137.00,1760000,3.01
Apr-19-2018,133.00,137.20,131.00,133.60,4520000,-2.48
Apr-20-2018,133.60,137.20,131.90,134.00,5030000,0.30
Apr-23-2018,134.00,134.20,130.00,130.90,6330000,-2.31
Apr-24-2018,130.90,131.60,130.00,130.80,3440000,-0.08
Apr-25-2018,130.50,132.40,128.10,130.00,2040000,-0.61
Apr-26-2018,130.00,131.00,128.40,129.00,1540000,-0.77
Apr-27-2018,129.00,132.10,128.70,130.00,1890000,0.78
Apr-30-2018,130.50,132.40,130.50,131.70,2630000,1.31
May-02-2018,131.70,133.40,130.80,132.30,3120000,0.46
May-03-2018,132.20,132.20,126.80,126.80,2170000,-4.16
May-04-2018,127.00,128.00,126.70,128.00,3010000,0.95
May-07-2018,130.00,130.00,128.10,128.50,2780000,0.39
May-08-2018,128.20,129.70,126.50,127.50,3190000,-0.78
May-09-2018,127.00,127.00,124.70,126.10,1640000,-1.10
May-10-2018,126.00,129.70,126.00,128.70,1620000,2.06
May-11-2018,129.90,135.00,129.90,133.00,2089999,3.34
May-15-2018,133.00,138.00,132.50,133.90,3220000,0.68
May-16-2018,134.30,136.90,133.20,136.90,1420000,2.24
May-17-2018,135.50,136.50,131.50,131.50,2040000,-3.94
May-18-2018,132.90,132.90,130.00,132.30,934570,0.61
May-21-2018,132.00,132.00,129.40,129.40,1100000,-2.19
May-22-2018,130.00,130.60,127.60,127.60,1230000,-1.39
May-23-2018,128.00,128.00,126.00,126.00,1470000,-1.25
May-24-2018,126.10,128.70,126.00,128.50,1070000,1.98
May-25-2018,129.00,130.20,127.50,129.80,1150000,1.01
May-28-2018,130.40,130.80,126.60,130.80,710490,0.77
May-29-2018,130.80,130.80,129.00,129.90,1180000,-0.69
May-30-2018,129.80,129.80,125.00,128.00,3510000,-1.46
May-31-2018,129.20,130.50,127.00,130.50,6600000,1.95
Jun-01-2018,130.00,134.00,128.00,131.00,1600000,0.38
Jun-04-2018,130.90,132.00,127.00,128.00,1850000,-2.29
Jun-05-2018,128.30,129.70,128.00,129.00,1880000,0.78
Jun-06-2018,130.00,131.70,129.20,130.70,2540000,1.32
Jun-07-2018,130.70,137.00,130.70,137.00,2370000,4.82
Jun-08-2018,136.50,137.10,134.20,137.10,1540000,0.07
Jun-11-2018,136.00,137.50,135.00,137.50,760860,0.29
Jun-13-2018,137.50,137.50,132.00,136.00,2800000,-1.09
Jun-14-2018,134.00,137.80,133.00,136.00,4930000,0.00
Jun-18-2018,131.00,134.00,127.00,134.00,3470000,-1.47
Jun-19-2018,132.00,132.10,130.00,130.50,5690000,-2.61
Jun-20-2018,130.00,131.50,128.00,129.00,1830000,-1.15
Jun-21-2018,128.30,129.00,126.00,126.00,3600000,-2.33
Jun-22-2018,125.90,128.00,125.00,125.50,3920000,-0.40
Jun-25-2018,129.00,129.00,124.20,125.00,3080000,-0.40
Jun-26-2018,124.70,126.00,123.60,124.00,4540000,-0.80
Jun-27-2018,123.30,125.30,122.90,124.00,3600000,0.00
Jun-28-2018,123.60,125.30,123.10,125.00,2000000,0.81
Jun-29-2018,124.20,126.00,123.90,125.50,3510000,0.40
Jul-02-2018,125.50,127.00,124.90,126.00,1350000,0.40
Jul-03-2018,126.00,129.80,126.00,126.00,967350,0.00
Jul-04-2018,126.70,128.60,125.00,128.60,2150000,2.06
Jul-05-2018,128.00,128.00,126.90,128.00,3150000,-0.47
Jul-06-2018,128.00,128.50,127.00,128.50,2180000,0.39
Jul-09-2018,128.50,129.50,128.00,129.50,763170,0.78
Jul-10-2018,130.10,131.20,129.60,131.00,2540000,1.16
Jul-11-2018,131.00,132.20,129.50,129.50,1100000,-1.15
Jul-12-2018,130.00,130.30,128.00,129.00,938310,-0.39
Jul-13-2018,129.00,129.70,128.30,128.90,1730000,-0.08
Jul-16-2018,128.90,129.00,127.80,127.90,714710,-0.78
Jul-17-2018,127.90,131.50,127.30,129.00,1090000,0.86
Jul-18-2018,129.10,130.00,128.00,130.00,843170,0.78
Jul-19-2018,131.00,131.00,128.60,129.60,630100,-0.31
Jul-20-2018,130.80,132.00,128.80,132.00,755170,1.85
Jul-23-2018,131.50,131.70,130.20,130.90,1230000,-0.83
Jul-24-2018,130.90,130.90,128.40,129.00,1120000,-1.45
Jul-25-2018,129.80,136.80,129.80,135.00,2990000,4.65
Jul-26-2018,135.00,138.00,135.00,137.50,3230000,1.85
Jul-27-2018,137.50,137.50,132.60,137.00,2220000,-0.36
Jul-30-2018,136.80,136.80,134.00,134.00,3460000,-2.19
Jul-31-2018,134.70,134.80,129.50,132.00,4740000,-1.49
Aug-01-2018,132.00,136.80,132.00,136.80,2710000,3.64
Aug-02-2018,136.50,136.50,134.90,135.50,1610000,-0.95
Aug-03-2018,135.70,136.80,132.40,136.80,1630000,0.96
Aug-06-2018,136.80,136.80,135.00,135.00,1570000,-1.32
Aug-07-2018,135.00,135.00,129.50,129.50,1810000,-4.07
Aug-08-2018,129.70,131.70,129.00,130.40,2500000,0.69
Aug-09-2018,130.40,130.50,128.50,129.80,1430000,-0.46
Aug-10-2018,130.10,130.80,127.80,129.50,1910000,-0.23
Aug-13-2018,129.50,129.50,127.60,127.70,945300,-1.39
Aug-14-2018,127.80,128.10,126.10,127.00,817740,-0.55
Aug-15-2018,127.20,129.00,127.00,128.70,907240,1.34
Aug-16-2018,128.70,131.50,128.70,131.20,1590000,1.94
Aug-17-2018,131.40,131.90,128.10,128.10,1370000,-2.36
Aug-20-2018,129.70,131.40,126.10,126.50,906360,-1.25
Aug-22-2018,129.90,129.90,125.00,126.50,1910000,0.00
Aug-23-2018,126.60,128.70,125.70,127.80,2890000,1.03
Aug-24-2018,128.00,129.00,126.50,128.00,819230,0.16
Aug-28-2018,128.10,130.80,128.00,130.80,2430000,2.19
Aug-29-2018,130.00,130.50,129.00,129.50,1840000,-0.99
Aug-30-2018,130.00,131.70,129.10,130.00,3870000,0.39
Aug-31-2018,130.50,130.50,128.30,130.10,3030000,0.08
Sep-03-2018,131.00,131.10,129.50,129.80,2610000,-0.23
Sep-04-2018,129.80,130.30,129.60,129.90,5330000,0.08
Sep-05-2018,130.00,130.00,123.00,123.30,3610000,-5.08
Sep-06-2018,123.60,124.00,118.00,120.30,5190000,-2.43
Sep-07-2018,120.50,121.50,118.50,120.20,2180000,-0.08
Sep-10-2018,120.20,120.20,116.60,119.30,2260000,-0.75
Sep-11-2018,119.00,119.00,116.60,118.00,1800000,-1.09
Sep-12-2018,118.00,118.70,114.00,114.00,2640000,-3.39
Sep-13-2018,114.20,117.00,114.20,117.00,3760000,2.63
Sep-14-2018,118.40,118.60,116.00,117.00,2160000,0.00
Sep-17-2018,117.00,117.20,113.00,115.00,2000000,-1.71
Sep-18-2018,115.00,115.10,111.80,112.00,3500000,-2.61
Sep-19-2018,112.20,113.80,111.80,112.00,1280000,0.00
Sep-20-2018,112.00,113.00,110.50,112.10,1360000,0.09
Sep-21-2018,112.10,120.60,112.10,120.60,3920000,7.58
Sep-24-2018,120.60,121.00,117.50,121.00,1810000,0.33
Sep-25-2018,121.00,121.00,117.50,119.00,460460,-1.65
Sep-26-2018,117.30,118.00,114.00,114.00,1960000,-4.20
Sep-27-2018,116.10,116.80,114.00,115.70,1050000,1.49
Sep-28-2018,116.00,119.80,116.00,119.80,2340000,3.54
Oct-01-2018,118.90,120.30,117.50,120.00,1230000,0.17
Oct-02-2018,120.80,121.00,118.20,119.50,2490000,-0.42
Oct-03-2018,119.50,121.00,118.50,120.00,856890,0.42
Oct-04-2018,120.00,120.00,116.10,117.00,1280000,-2.50
Oct-05-2018,117.00,117.00,115.00,115.20,1050000,-1.54
Oct-08-2018,115.40,117.00,114.00,114.00,1440000,-1.04
Oct-09-2018,114.00,115.00,112.70,113.00,1380000,-0.88
Oct-10-2018,113.50,115.00,109.60,110.00,4230000,-2.65
Oct-11-2018,110.00,112.40,106.60,108.90,5730000,-1.00
Oct-12-2018,108.90,110.30,107.40,110.00,1810000,1.01
Oct-15-2018,111.00,113.40,109.90,109.90,2190000,-0.09
Oct-16-2018,110.10,112.40,109.40,112.00,2089999,1.91
Oct-17-2018,113.00,116.80,113.00,116.10,1680000,3.66
Oct-18-2018,116.80,118.40,115.10,118.40,723220,1.98
Oct-19-2018,118.30,121.00,117.40,119.80,1840000,1.18
Oct-22-2018,120.00,123.10,118.50,122.90,1850000,2.59
Oct-23-2018,122.90,123.00,121.10,122.70,1760000,-0.16
Oct-24-2018,122.00,122.50,119.30,119.30,710600,-2.77
Oct-25-2018,118.00,118.00,113.10,115.00,2380000,-3.60
Oct-26-2018,115.10,116.80,114.80,116.00,655860,0.87
Oct-29-2018,116.20,119.80,116.10,118.30,950430,1.98
Oct-30-2018,117.10,123.00,117.10,123.00,1590000,3.97
Oct-31-2018,122.00,123.00,120.30,122.40,3090000,-0.49
Nov-05-2018,124.00,124.90,122.20,122.20,8940000,-0.16
Nov-06-2018,122.30,124.00,120.50,121.60,1170000,-0.49
Nov-07-2018,121.00,121.00,118.50,119.00,803640,-2.14
Nov-08-2018,118.50,120.20,115.00,119.00,1680000,0.00
Nov-09-2018,119.00,119.00,117.10,118.00,981590,-0.84
Nov-12-2018,118.00,118.80,116.00,116.00,481480,-1.69
Nov-13-2018,116.00,116.50,113.90,113.90,1710000,-1.81
Nov-14-2018,114.00,115.40,113.70,114.60,1130000,0.61
Nov-15-2018,115.00,119.00,115.00,118.00,834720,2.97
Nov-16-2018,118.00,124.00,118.00,124.00,2910000,5.08
Nov-19-2018,123.50,129.70,123.30,129.70,2730000,4.60
Nov-20-2018,128.20,130.00,126.10,129.30,2540000,-0.31
Nov-21-2018,126.60,128.90,126.00,127.00,1570000,-1.78
Nov-22-2018,125.90,127.60,123.80,127.00,1440000,0.00
Nov-23-2018,126.00,129.50,125.80,128.00,2260000,0.79
Nov-26-2018,129.00,129.60,125.50,128.00,1700000,0.00
Nov-27-2018,128.00,130.20,126.50,130.20,2810000,1.72
Nov-28-2018,130.20,130.40,127.50,129.10,1720000,-0.84
Nov-29-2018,128.40,130.50,128.40,130.20,9430000,0.85
Dec-03-2018,133.50,134.90,133.00,133.20,4040000,2.30
Dec-04-2018,133.20,136.40,133.20,136.00,3860000,2.10
Dec-05-2018,135.00,135.50,134.00,134.80,2430000,-0.88
Dec-06-2018,134.70,134.70,131.00,133.80,1810000,-0.74
Dec-07-2018,133.00,133.70,131.20,133.20,3010000,-0.45
Dec-10-2018,133.00,133.00,128.00,128.00,1260000,-3.90
Dec-11-2018,129.50,130.70,129.50,130.00,996800,1.56
Dec-12-2018,130.10,131.20,126.50,126.70,2630000,-2.54
Dec-13-2018,129.00,131.00,127.10,130.50,2830000,3.00
Dec-14-2018,129.00,130.50,127.10,129.70,1240000,-0.61
Dec-17-2018,129.70,131.00,127.80,129.80,2150000,0.08
Dec-18-2018,128.30,128.60,125.50,125.50,2800000,-3.31
Dec-19-2018,125.60,130.50,125.60,130.50,1950000,3.98
Dec-20-2018,128.10,129.30,127.10,129.30,1420000,-0.92
Dec-21-2018,129.50,129.50,127.80,129.00,4960000,-0.23
Dec-26-2018,126.00,127.60,122.00,127.00,2610000,-1.55
Dec-27-2018,127.00,130.00,127.00,129.70,1470000,2.13
Dec-28-2018,129.70,132.40,129.50,130.80,4059999,0.85
Jan-02-2019,130.60,133.00,127.00,127.00,1120000,-2.91
Jan-03-2019,128.00,129.50,126.80,129.50,2970000,1.97
Jan-04-2019,129.40,132.80,128.10,132.80,1830000,2.55
Jan-07-2019,133.00,133.30,129.50,129.50,1520000,-2.48
Jan-08-2019,130.00,131.00,129.00,129.00,1320000,-0.39
Jan-09-2019,130.50,131.80,130.10,130.30,4660000,1.01
Jan-10-2019,131.70,132.50,130.80,131.30,4019999,0.77
Jan-11-2019,130.50,131.30,127.80,131.30,3070000,0.00
Jan-14-2019,128.30,132.00,128.30,131.60,2080000,0.23
Jan-15-2019,131.60,131.60,129.10,130.90,2660000,-0.53
Jan-16-2019,130.90,131.50,129.50,129.50,1080000,-1.07
Jan-17-2019,129.20,131.00,128.10,131.00,2250000,1.16
Jan-18-2019,131.50,135.00,131.40,132.00,7040000,0.76
Jan-21-2019,132.50,132.80,129.60,130.00,1190000,-1.52
Jan-22-2019,131.70,131.80,130.00,131.80,1770000,1.38
Jan-23-2019,131.20,132.90,129.90,132.90,976220,0.83
Jan-24-2019,131.80,135.40,131.80,135.00,3780000,1.58
Jan-25-2019,135.20,137.90,135.10,136.50,3290000,1.11
Jan-28-2019,136.50,139.30,136.20,138.00,3740000,1.10
Jan-29-2019,138.00,139.80,137.50,139.40,2880000,1.01
Jan-30-2019,138.40,139.20,134.70,136.00,5170000,-2.44
Jan-31-2019,136.10,140.00,135.00,135.00,5540000,-0.74
Feb-01-2019,137.20,140.00,137.10,140.00,3400000,3.70
Feb-04-2019,139.00,140.50,138.10,138.50,1400000,-1.07
Feb-06-2019,140.30,142.70,139.80,139.80,2140000,0.94
Feb-07-2019,140.00,141.80,139.70,140.20,2300000,0.29
Feb-08-2019,139.90,140.00,138.00,139.20,2630000,-0.71
Feb-11-2019,139.90,140.50,138.00,138.00,3550000,-0.86
Feb-12-2019,137.80,139.00,136.00,139.00,1550000,0.72
Feb-13-2019,139.00,139.40,136.40,137.50,2730000,-1.08
Feb-14-2019,137.50,141.40,137.30,140.60,3150000,2.25
Feb-15-2019,136.00,138.80,133.30,133.60,8490000,-4.98
Feb-18-2019,133.70,134.10,133.20,133.50,3000000,-0.07
Feb-19-2019,133.30,133.30,128.50,129.20,4600000,-3.22
Feb-20-2019,128.50,130.20,128.30,129.50,4290000,0.23
Feb-21-2019,129.80,130.50,129.00,129.00,2340000,-0.39
Feb-22-2019,128.90,129.20,128.50,129.00,1930000,0.00
Feb-26-2019,130.60,131.30,129.80,131.00,7460000,1.55
Feb-27-2019,132.30,134.70,131.00,133.50,5750000,1.91
Feb-28-2019,134.00,134.00,127.60,127.60,3340000,-4.42
Mar-01-2019,129.00,129.70,121.50,123.70,5500000,-3.06
Mar-04-2019,124.00,125.60,123.80,125.60,2200000,1.54
Mar-05-2019,125.70,128.00,125.60,127.50,1430000,1.51
Mar-06-2019,127.50,130.10,127.00,130.10,1660000,2.04
Mar-07-2019,130.10,133.50,128.10,133.50,1630000,2.61
Mar-08-2019,133.80,133.80,131.50,133.00,835860,-0.37
Mar-11-2019,133.00,133.00,130.00,131.70,1880000,-0.98
Mar-12-2019,131.70,134.00,130.10,134.00,1270000,1.75
Mar-13-2019,133.00,133.00,132.00,132.80,1420000,-0.90
Mar-14-2019,132.40,132.80,131.20,132.00,1140000,-0.60
Mar-15-2019,131.80,132.00,130.50,132.00,4740000,0.00
Mar-18-2019,132.00,133.00,130.40,132.00,3600000,0.00
Mar-19-2019,131.00,132.50,130.60,131.50,2410000,-0.38
Mar-20-2019,131.00,132.50,131.00,132.00,2690000,0.38
Mar-21-2019,132.80,133.00,131.60,133.00,2029999,0.76
Mar-22-2019,133.00,134.00,132.50,133.90,2730000,0.68
Mar-25-2019,133.80,133.80,129.50,132.40,1540000,-1.12
Mar-26-2019,132.40,133.00,131.60,132.00,1450000,-0.30
Mar-27-2019,132.00,133.00,131.20,132.00,1670000,0.00
Mar-28-2019,133.00,133.00,132.20,132.60,1280000,0.45
Mar-29-2019,132.30,133.90,132.30,133.80,2160000,0.90
Apr-01-2019,134.00,134.00,130.00,130.00,2210000,-2.84
Apr-02-2019,130.90,132.80,130.40,131.50,1350000,1.15
Apr-03-2019,131.90,132.20,131.30,131.70,1630000,0.15
Apr-04-2019,132.20,132.20,129.80,130.50,1370000,-0.91
Apr-05-2019,130.50,132.10,130.50,131.30,2110000,0.61
Apr-08-2019,131.00,132.00,130.00,130.50,1170000,-0.61
Apr-10-2019,131.90,131.90,130.00,130.90,2690000,0.31
Apr-11-2019,131.50,132.00,131.20,131.60,1280000,0.53
Apr-12-2019,132.40,132.40,131.20,132.00,520530,0.30
Apr-15-2019,132.30,133.40,131.70,132.20,1520000,0.15
Apr-16-2019,132.20,132.20,130.00,130.00,1350000,-1.66
Apr-17-2019,130.00,133.10,130.00,132.00,1400000,1.54
Apr-22-2019,131.70,134.00,131.50,133.00,1640000,0.76
Apr-23-2019,133.90,134.00,132.60,133.60,1890000,0.45
Apr-24-2019,133.60,133.80,133.40,133.60,2430000,0.00
Apr-25-2019,134.00,134.20,133.80,134.00,2060000,0.30
Apr-26-2019,134.00,134.00,132.00,134.00,2020000,0.00
Apr-29-2019,133.80,134.10,133.00,133.80,805020,-0.15
Apr-30-2019,133.80,134.00,133.20,134.00,1340000,0.15
May-02-2019,134.00,136.50,133.60,135.90,2560000,1.42
May-03-2019,136.60,141.50,136.50,139.00,3270000,2.28
May-06-2019,138.70,138.70,135.00,135.00,1030000,-2.88
May-07-2019,136.90,137.00,134.90,135.90,1820000,0.67
May-08-2019,134.90,139.90,131.90,139.90,2820000,2.94
May-09-2019,137.00,138.90,133.90,134.00,7160000,-4.22
May-10-2019,134.20,136.00,133.00,135.80,1490000,1.34
May-14-2019,132.50,133.00,128.50,130.20,4980000,-4.12
May-15-2019,130.30,132.50,130.30,131.50,1870000,1.00
May-16-2019,130.00,130.10,126.10,128.50,3750000,-2.28
May-17-2019,130.10,132.40,130.10,130.90,6570000,1.87
May-20-2019,130.10,131.40,128.00,130.90,930950,0.00
May-21-2019,130.50,133.30,130.00,133.00,958510,1.60
May-22-2019,133.00,134.50,132.00,134.50,998120,1.13
May-23-2019,134.10,134.50,132.70,134.50,981350,0.00
May-24-2019,133.20,135.80,131.00,133.70,2710000,-0.59
May-27-2019,133.70,134.00,131.10,132.00,1230000,-1.27
May-28-2019,131.60,135.00,131.10,132.00,7920000,0.00
May-29-2019,132.60,134.00,132.60,133.50,2190000,1.14
May-30-2019,135.00,138.30,133.80,136.70,2690000,2.40
May-31-2019,136.00,138.40,135.60,138.00,5120000,0.95
Jun-03-2019,137.00,139.00,135.10,137.50,2960000,-0.36
Jun-04-2019,138.00,139.80,135.50,137.50,1420000,0.00
Jun-06-2019,137.50,139.20,135.50,138.00,2250000,0.36
Jun-07-2019,139.00,139.80,138.20,139.80,1340000,1.30
Jun-10-2019,139.80,140.60,139.00,139.50,4650000,-0.21
Jun-11-2019,139.50,140.20,139.50,139.90,3400000,0.29
Jun-13-2019,139.70,140.70,139.70,140.00,3530000,0.07
Jun-14-2019,140.00,140.00,138.10,140.00,1860000,0.00
Jun-17-2019,140.00,140.00,137.50,137.90,1900000,-1.50
Jun-18-2019,138.00,138.70,137.40,138.20,2400000,0.22
Jun-19-2019,138.20,139.90,138.20,139.60,1580000,1.01
Jun-20-2019,139.20,140.00,138.00,140.00,1430000,0.29
Jun-21-2019,140.20,141.30,139.10,141.30,3670000,0.93
Jun-24-2019,141.30,143.40,140.10,141.50,2940000,0.14
Jun-25-2019,141.80,143.20,138.40,141.00,2490000,-0.35
Jun-26-2019,141.00,142.20,141.00,142.00,3240000,0.71
Jun-27-2019,142.00,142.80,141.60,142.50,2230000,0.35
Jun-28-2019,141.50,141.50,138.90,140.00,9140000,-1.75
Jul-01-2019,140.00,140.80,139.00,139.50,2250000,-0.36
Jul-02-2019,139.50,140.00,138.40,139.50,2460000,0.00
Jul-03-2019,139.00,140.00,138.80,139.40,4070000,-0.07
Jul-04-2019,139.40,141.90,139.40,141.40,2330000,1.43
Jul-05-2019,139.00,143.00,139.00,143.00,2480000,1.13
Jul-08-2019,143.00,143.00,141.10,141.10,734360,-1.33
Jul-09-2019,141.10,143.00,141.10,142.50,806800,0.99
Jul-10-2019,142.50,142.90,141.50,142.30,1540000,-0.14
Jul-11-2019,142.10,145.00,141.10,145.00,2520000,1.90
Jul-12-2019,145.10,149.10,145.10,148.20,2170000,2.21
Jul-15-2019,148.20,154.00,148.10,154.00,3520000,3.91
Jul-16-2019,154.00,154.00,146.00,146.20,3890000,-5.06
Jul-17-2019,147.30,148.30,147.20,147.20,1160000,0.68
Jul-18-2019,147.90,150.00,147.70,147.80,1110000,0.41
Jul-19-2019,147.90,149.50,147.10,148.00,1260000,0.14
Jul-22-2019,145.80,149.40,145.60,149.40,1650000,0.95
Jul-23-2019,149.00,152.00,146.20,151.00,2089999,1.07
Jul-24-2019,150.00,150.90,147.00,147.50,1320000,-2.32
Jul-25-2019,147.30,151.90,145.40,151.90,2250000,2.98
Jul-26-2019,150.00,152.50,147.20,148.20,1990000,-2.44
Jul-29-2019,148.50,149.70,147.00,148.50,1300000,0.20
Jul-30-2019,149.00,149.00,147.40,148.40,1390000,-0.07
Jul-31-2019,148.00,149.90,146.50,147.00,2120000,-0.94
Aug-01-2019,146.50,150.40,146.00,150.00,2190000,2.04
Aug-02-2019,149.80,150.00,148.00,150.00,2250000,0.00
Aug-05-2019,149.00,149.30,145.60,146.00,2350000,-2.67
Aug-06-2019,145.00,146.20,140.30,144.00,2280000,-1.37
Aug-07-2019,144.20,149.80,144.20,149.80,1670000,4.03
Aug-08-2019,149.80,149.80,146.00,146.00,1740000,-2.54
Aug-09-2019,146.00,147.90,146.00,146.50,2029999,0.34
Aug-13-2019,146.20,146.30,141.00,144.20,1970000,-1.57
Aug-14-2019,142.00,148.50,142.00,148.50,1820000,2.98
Aug-15-2019,143.10,146.00,140.50,145.00,2150000,-2.36
Aug-16-2019,144.00,146.50,142.00,142.00,1530000,-2.07
Aug-19-2019,143.00,148.50,142.20,146.80,1920000,3.38
Aug-20-2019,147.00,147.00,144.10,145.00,1050000,-1.23
Aug-22-2019,145.00,147.00,143.30,147.00,2330000,1.38
Aug-23-2019,147.00,148.20,144.30,148.20,2320000,0.82
Aug-27-2019,148.40,148.40,144.00,145.50,5060000,-1.82
Aug-28-2019,144.80,146.40,144.60,145.00,1830000,-0.34
Aug-29-2019,145.00,147.00,142.50,147.00,1840000,1.38
Aug-30-2019,146.80,149.50,145.60,149.00,2500000,1.36
Sep-02-2019,148.00,148.00,145.00,145.00,553630,-2.68
Sep-03-2019,146.00,146.90,142.00,142.00,1460000,-2.07
Sep-04-2019,143.40,145.90,143.30,145.00,1580000,2.11
Sep-05-2019,145.10,146.50,144.20,145.00,2230000,0.00
Sep-06-2019,145.00,145.00,142.50,142.50,1510000,-1.72
Sep-09-2019,143.50,144.00,142.50,142.50,1560000,0.00
Sep-10-2019,142.50,143.30,142.20,143.00,1370000,0.35
Sep-11-2019,144.00,144.00,141.60,143.00,2400000,0.00
Sep-12-2019,143.00,143.60,141.80,141.80,1150000,-0.84
Sep-13-2019,142.10,143.50,141.30,142.60,2260000,0.56
Sep-16-2019,142.50,142.70,141.30,142.40,1160000,-0.14
Sep-17-2019,142.00,142.40,137.40,137.40,2900000,-3.51
Sep-18-2019,138.50,139.80,138.50,139.70,1500000,1.67
Sep-19-2019,139.70,140.70,139.60,140.20,653680,0.36
Sep-20-2019,140.20,141.00,140.00,140.40,5780000,0.14
Sep-23-2019,141.00,142.60,140.00,141.50,905640,0.78
Sep-24-2019,142.00,143.00,141.70,142.60,1070000,0.78
Sep-25-2019,142.50,142.80,140.20,142.80,1340000,0.14
Sep-26-2019,143.00,146.10,142.00,146.00,1460000,2.24
Sep-27-2019,146.00,146.00,141.10,145.00,1320000,-0.68
Sep-30-2019,145.00,145.00,141.50,143.00,1570000,-1.38
Oct-01-2019,143.00,144.00,141.00,143.50,1040000,0.35
Oct-02-2019,143.70,143.70,137.00,137.00,1980000,-4.53
Oct-03-2019,137.50,139.40,137.20,138.00,1440000,0.73
Oct-04-2019,138.00,143.50,138.00,143.50,1090000,3.99
Oct-07-2019,143.00,143.60,140.00,140.00,746130,-2.44
Oct-08-2019,142.00,145.40,140.30,143.00,1950000,2.14
Oct-09-2019,142.90,143.60,142.00,143.40,638590,0.28
Oct-10-2019,143.40,145.00,143.40,145.00,593880,1.12
Oct-11-2019,145.00,147.00,143.70,147.00,1210000,1.38
Oct-14-2019,147.00,148.20,147.00,147.30,584660,0.20
Oct-15-2019,147.30,148.50,146.00,148.50,491120,0.81
Oct-16-2019,148.40,149.00,146.00,149.00,1260000,0.34
Oct-17-2019,148.50,149.50,147.30,149.50,711180,0.34
Oct-18-2019,149.50,149.50,145.60,145.60,639640,-2.61
Oct-21-2019,145.90,148.90,145.80,148.90,621980,2.27
Oct-22-2019,147.50,148.80,146.80,148.40,1280000,-0.34
Oct-23-2019,147.50,147.50,145.00,146.80,1110000,-1.08
Oct-24-2019,146.80,149.30,146.20,149.30,1190000,1.70
Oct-25-2019,149.20,149.20,147.10,147.80,1220000,-1.00
Oct-28-2019,149.30,152.00,148.40,152.00,3280000,2.84
Oct-29-2019,152.00,153.00,150.90,152.10,2000000,0.07
Oct-30-2019,153.80,156.00,151.10,155.70,2069999,2.37
Oct-31-2019,155.00,155.20,154.10,154.90,2200000,-0.51
Nov-04-2019,154.10,159.90,154.10,159.90,2110000,3.23
Nov-05-2019,157.00,160.00,156.20,160.00,2370000,0.06
Nov-06-2019,160.00,160.00,156.50,158.00,680540,-1.25
Nov-07-2019,158.00,159.50,154.50,159.50,805090,0.95
Nov-08-2019,155.90,159.50,155.90,159.50,938870,0.00
Nov-11-2019,159.50,159.50,154.20,155.00,2360000,-2.82
Nov-12-2019,155.00,156.40,153.00,156.40,2170000,0.90
Nov-13-2019,155.00,156.00,154.50,155.30,1380000,-0.70
Nov-14-2019,155.30,156.00,154.00,156.00,744570,0.45
Nov-15-2019,156.00,157.00,155.20,156.00,685510,0.00
Nov-18-2019,155.20,155.90,154.30,155.00,871030,-0.64
Nov-19-2019,155.00,157.40,154.70,157.40,966570,1.55
Nov-20-2019,156.00,157.80,155.30,157.80,949100,0.25
Nov-21-2019,157.80,157.80,154.30,154.30,1830000,-2.22
Nov-22-2019,154.00,154.00,151.30,152.00,3220000,-1.49
Nov-25-2019,152.10,152.90,149.10,150.00,2490000,-1.32
Nov-26-2019,150.00,154.00,149.10,150.00,10780000,0.00
Nov-27-2019,150.20,158.00,150.20,157.00,2570000,4.67
Nov-28-2019,154.20,157.00,154.00,154.00,1440000,-1.91
Nov-29-2019,154.80,154.80,151.10,151.80,1080000,-1.43
Dec-02-2019,153.00,158.00,151.80,158.00,1220000,4.08
Dec-03-2019,159.30,159.30,155.40,158.50,1530000,0.32
Dec-04-2019,158.50,159.30,157.10,158.50,1460000,0.00
Dec-05-2019,159.00,159.00,157.00,158.00,2100000,-0.32
Dec-06-2019,157.50,158.20,156.50,156.50,1580000,-0.95
Dec-09-2019,157.90,160.00,157.80,160.00,2590000,2.24
Dec-10-2019,160.00,160.00,158.80,159.90,1100000,-0.06
Dec-11-2019,159.90,159.90,157.00,157.90,1040000,-1.25
Dec-12-2019,157.90,159.90,156.50,158.80,1730000,0.57
Dec-13-2019,157.70,161.80,157.10,160.10,2490000,0.82
Dec-16-2019,159.50,159.70,157.00,157.00,1760000,-1.94
Dec-17-2019,156.20,161.00,154.60,161.00,1590000,2.55
Dec-18-2019,160.00,160.00,157.00,158.00,2910000,-1.86
Dec-19-2019,159.90,159.90,151.00,154.80,2080000,-2.03
Dec-20-2019,155.10,156.80,149.20,155.40,4570000,0.39
Dec-23-2019,157.80,159.80,153.10,157.00,1870000,1.03
Dec-26-2019,153.30,157.40,153.30,157.40,359260,0.25
Dec-27-2019,157.40,158.00,155.30,158.00,2250000,0.38
Jan-02-2020,153.80,154.00,152.10,154.00,1660000,-2.53
Jan-03-2020,154.00,158.30,154.00,155.00,2450000,0.65
Jan-06-2020,155.00,155.80,152.00,155.00,936990,0.00
Jan-07-2020,155.90,158.60,154.00,155.00,1870000,0.00
Jan-08-2020,153.00,153.70,151.50,152.00,2490000,-1.94
Jan-09-2020,153.50,154.20,152.00,152.00,2850000,0.00
Jan-10-2020,152.80,154.50,151.00,153.00,1870000,0.66
Jan-13-2020,152.80,154.50,151.00,153.00,1870000,0.00
Jan-14-2020,153.50,155.00,153.00,154.70,4240000,1.11
Jan-15-2020,155.00,155.10,153.20,153.20,3330000,-0.97
Jan-16-2020,153.40,156.50,153.40,155.10,2590000,1.24
Jan-17-2020,156.00,157.50,155.10,157.50,1540000,1.55
Jan-20-2020,157.50,157.50,153.30,154.00,1300000,-2.22
Jan-21-2020,154.00,154.30,153.10,153.20,1250000,-0.52
Jan-22-2020,153.20,154.00,151.90,153.50,3050000,0.20
Jan-23-2020,153.50,157.00,152.50,157.00,1310000,2.28
Jan-24-2020,155.50,156.90,155.40,156.00,597160,-0.64
Jan-27-2020,155.80,156.00,153.20,156.00,258470,0.00
Jan-28-2020,155.00,155.00,152.50,153.50,1500000,-1.60
Jan-29-2020,153.50,156.00,152.60,154.00,1770000,0.33
Jan-30-2020,154.00,156.50,153.00,154.00,1870000,0.00
Jan-31-2020,153.90,153.90,145.60,148.00,4370000,-3.90
Feb-03-2020,148.00,148.00,142.50,144.50,1450000,-2.36
Feb-04-2020,145.00,151.90,144.70,150.70,3150000,4.29
Feb-05-2020,152.50,152.60,149.20,150.60,1250000,-0.07
Feb-06-2020,152.50,153.00,150.60,153.00,1730000,1.59
Feb-07-2020,150.50,155.40,150.00,155.40,618390,1.57
Feb-10-2020,155.00,155.00,150.00,150.00,1190000,-3.47
Feb-11-2020,150.20,152.00,150.20,152.00,403860,1.33
Feb-12-2020,152.00,152.30,150.70,151.00,732300,-0.66
Feb-13-2020,151.00,154.00,150.50,151.50,999770,0.33
Feb-14-2020,152.50,152.50,148.50,148.50,2480000,-1.98
Feb-17-2020,148.60,150.90,148.50,149.90,960090,0.94
Feb-18-2020,149.00,150.00,148.00,148.00,1460000,-1.27
Feb-19-2020,148.20,148.90,147.10,147.70,1260000,-0.20
Feb-20-2020,148.00,149.30,147.80,148.50,2380000,0.54
Feb-21-2020,148.00,148.70,147.50,147.50,1120000,-0.67
Feb-24-2020,146.00,146.00,143.00,143.30,2080000,-2.85
Feb-26-2020,142.90,142.90,136.30,137.00,6600000,-4.40
Feb-27-2020,137.00,144.60,136.40,143.00,4350000,4.38
Feb-28-2020,138.00,142.00,138.00,139.00,3300000,-2.80
Mar-02-2020,138.00,138.40,132.10,132.10,4380000,-4.96
Mar-03-2020,137.00,138.10,136.10,137.20,2330000,3.86
Mar-04-2020,136.70,137.90,135.10,136.80,2370000,-0.29
Mar-05-2020,137.80,142.20,137.00,141.00,1470000,3.07
Mar-06-2020,140.90,141.50,138.20,141.50,1510000,0.35
Mar-09-2020,136.50,137.70,131.00,131.00,2700000,-7.42
Mar-10-2020,126.10,139.00,125.00,139.00,3880000,6.11
Mar-11-2020,139.00,141.80,133.30,136.00,3930000,-2.16
Mar-12-2020,132.10,132.10,120.00,120.00,4320000,-11.76
Mar-13-2020,112.80,129.60,99.00,127.00,4990000,5.83
Mar-16-2020,117.00,120.00,110.00,110.00,3460000,-13.39
Mar-17-2020,117.00,120.00,110.00,110.00,3460000,0.00
Mar-19-2020,92.10,99.80,75.00,85.00,10900000,-22.73
Mar-20-2020,91.00,97.00,88.20,97.00,5080000,14.12
Mar-23-2020,90.00,95.30,88.00,94.70,4040000,-2.37
Mar-24-2020,94.70,96.00,92.35,94.00,4380000,-0.74
Mar-25-2020,98.30,100.50,96.80,100.00,3250000,6.38
Mar-26-2020,101.80,115.70,101.40,115.70,4770000,15.70
Mar-27-2020,110.00,115.70,102.10,102.10,3970000,-11.75
Mar-30-2020,102.10,102.30,97.05,99.20,2600000,-2.84
Mar-31-2020,103.50,106.00,102.50,103.50,3700000,4.33
Apr-01-2020,103.50,107.20,99.60,105.20,3650000,1.64
Apr-02-2020,100.00,101.80,99.60,100.00,3180000,-4.94
Apr-03-2020,101.70,101.70,98.30,99.30,2340000,-0.70
Apr-06-2020,100.00,102.60,99.60,102.50,2200000,3.22
Apr-07-2020,105.30,106.00,100.00,101.50,3390000,-0.98
Apr-08-2020,101.60,101.80,97.50,98.50,5560000,-2.96
Apr-13-2020,100.80,103.50,98.40,98.50,7240000,0.00
Apr-14-2020,100.00,102.50,97.85,102.50,5710000,4.06
Apr-15-2020,103.50,109.00,103.30,108.50,5790000,5.85
Apr-16-2020,107.00,107.00,103.00,103.00,5320000,-5.07
Apr-17-2020,106.90,108.30,103.80,105.00,3890000,1.94
Apr-20-2020,105.00,107.00,102.50,102.50,2100000,-2.38
Apr-21-2020,102.50,102.50,100.40,100.60,2820000,-1.85
Apr-22-2020,100.00,102.00,99.65,100.50,2770000,-0.10
Apr-23-2020,101.50,104.90,100.00,100.00,2290000,-0.50
Apr-24-2020,101.90,101.90,99.60,100.00,2089999,0.00
Apr-27-2020,100.00,100.10,97.00,97.00,3410000,-3.00
Apr-28-2020,97.80,99.90,97.60,98.90,1890000,1.96
Apr-29-2020,98.90,99.50,98.50,98.70,2040000,-0.20
Apr-30-2020,100.10,101.00,98.60,101.00,2720000,2.33
May-04-2020,100.00,100.70,98.00,98.90,2480000,-2.08
May-05-2020,99.90,100.70,98.30,98.30,5690000,-0.61
May-06-2020,99.50,99.50,96.10,96.10,4590000,-2.24
May-07-2020,96.70,97.75,96.20,97.40,2840000,1.35
May-08-2020,98.00,98.75,97.00,97.00,1290000,-0.41
May-11-2020,98.00,98.45,97.90,98.00,4820000,1.03
May-12-2020,98.40,99.95,98.00,98.75,2790000,0.77
May-13-2020,99.00,99.00,97.10,99.00,581400,0.25
May-14-2020,98.85,98.85,96.30,96.80,2520000,-2.22
May-15-2020,97.10,97.85,93.00,93.00,5420000,-3.93
May-18-2020,93.00,93.00,90.00,90.00,3580000,-3.23
May-19-2020,92.00,93.95,92.00,93.00,1770000,3.33
May-20-2020,93.20,93.75,92.00,93.00,1010000,0.00
May-21-2020,93.10,93.20,92.00,92.00,2910000,-1.08
May-22-2020,92.25,92.40,89.30,89.60,5700000,-2.61
May-26-2020,89.00,89.40,85.60,85.90,5850000,-4.13
May-27-2020,86.10,87.50,86.10,87.00,3540000,1.28
May-28-2020,87.35,91.00,87.25,90.35,2270000,3.85
May-29-2020,92.00,100.40,92.00,100.40,17340000,11.12
Jun-01-2020,99.00,99.60,96.10,99.00,4360000,-1.39
Jun-02-2020,98.50,99.80,97.50,98.00,3100000,-1.01
Jun-03-2020,98.25,102.70,98.25,102.40,3560000,4.49
Jun-04-2020,103.10,109.50,103.10,109.00,5760000,6.45
Jun-05-2020,109.00,114.00,105.00,114.00,5850000,4.59
Jun-08-2020,113.00,113.00,107.00,107.00,5790000,-6.14
Jun-09-2020,110.00,112.00,105.50,110.50,3090000,3.27
Jun-10-2020,109.70,109.90,104.70,105.50,3860000,-4.52
Jun-11-2020,104.90,105.00,101.00,105.00,2360000,-0.47
Jun-15-2020,100.90,104.60,99.00,99.00,4150000,-5.71
Jun-16-2020,101.00,103.60,101.00,102.40,2840000,3.43
Jun-17-2020,103.40,103.40,100.10,100.10,2750000,-2.25
Jun-18-2020,101.20,101.90,99.80,100.00,2000000,-0.10
Jun-19-2020,100.00,101.50,99.90,100.00,5880000,0.00
Jun-22-2020,98.55,99.35,96.30,99.00,3410000,-1.00
Jun-23-2020,99.50,102.90,99.00,102.70,2290000,3.74
Jun-24-2020,102.60,102.70,100.10,100.10,1100000,-2.53
Jun-25-2020,99.40,99.40,97.00,97.10,3480000,-3.00
Jun-26-2020,98.00,99.50,97.50,98.50,2810000,1.44
Jun-29-2020,97.90,97.90,94.00,94.00,5440000,-4.57
Jun-30-2020,96.00,98.90,95.50,98.00,4390000,4.26
Jul-01-2020,98.00,98.50,97.25,97.90,1740000,-0.10
Jul-02-2020,98.00,101.00,97.80,100.50,5230000,2.66
Jul-03-2020,101.00,102.30,99.90,99.95,7070000,-0.55
Jul-06-2020,100.00,101.70,97.50,97.50,5400000,-2.45
Jul-07-2020,99.30,100.50,98.00,98.00,4760000,0.51
Jul-08-2020,98.50,98.50,95.55,95.60,3380000,-2.45
Jul-09-2020,96.95,96.95,95.60,96.10,3160000,0.52
Jul-10-2020,96.50,96.50,94.70,94.70,2940000,-1.46
Jul-13-2020,94.60,94.60,91.50,91.50,6080000,-3.38
Jul-14-2020,92.00,93.40,91.90,92.85,3330000,1.48
Jul-15-2020,92.85,93.05,89.50,89.50,7240000,-3.61
Jul-16-2020,90.45,93.00,90.15,92.80,2550000,3.69
Jul-17-2020,92.85,93.50,90.35,93.50,2180000,0.75
Jul-20-2020,93.50,93.90,91.00,93.00,1880000,-0.53
Jul-21-2020,92.85,92.85,91.00,91.20,3380000,-1.94
Jul-22-2020,92.00,92.30,91.50,91.90,1920000,0.77
Jul-23-2020,92.50,92.90,90.50,92.00,2089999,0.11
Jul-24-2020,92.50,93.30,91.25,93.05,1290000,1.14
Jul-27-2020,91.90,92.25,89.70,90.00,2280000,-3.28
Jul-28-2020,89.90,89.90,88.10,88.95,3530000,-1.17
Jul-29-2020,89.15,90.50,88.95,90.50,1770000,1.74
Jul-30-2020,90.30,90.30,88.00,88.00,2600000,-2.76
Aug-03-2020,87.00,88.00,85.00,85.00,6200000,-3.41
Aug-04-2020,85.25,87.50,85.25,87.15,2240000,2.53
Aug-05-2020,87.20,91.50,87.20,91.00,4019999,4.42
Aug-06-2020,91.40,92.00,90.10,91.00,4760000,0.00
Aug-07-2020,91.00,91.00,89.20,89.90,1950000,-1.21
Aug-10-2020,90.00,90.00,88.70,89.00,3460000,-1.00
Aug-11-2020,89.15,89.50,88.00,88.50,4160000,-0.56
Aug-12-2020,89.05,90.00,88.85,90.00,1750000,1.69
Aug-13-2020,90.90,92.75,90.90,92.00,3340000,2.22
Aug-14-2020,92.50,92.90,91.50,92.00,2990000,0.00
Aug-17-2020,91.95,91.95,90.20,91.00,787550,-1.09
Aug-18-2020,92.00,92.50,91.20,92.05,2130000,1.15
Aug-19-2020,92.50,92.70,91.55,91.80,1910000,-0.27
Aug-20-2020,91.85,91.95,88.55,89.05,2720000,-3.00
Aug-24-2020,90.00,90.00,87.05,87.05,4980000,-2.25
Aug-25-2020,87.05,88.10,86.75,87.50,2170000,0.52
Aug-26-2020,87.40,88.00,86.05,86.95,3250000,-0.63
Aug-27-2020,87.15,87.80,87.05,87.05,2610000,0.12
Aug-28-2020,87.10,87.35,86.00,86.00,6170000,-1.21
Sep-01-2020,87.45,87.95,87.00,87.60,5350000,1.86
Sep-02-2020,87.80,87.95,85.10,85.75,3450000,-2.11
Sep-03-2020,85.95,86.50,85.20,86.20,3350000,0.52
Sep-04-2020,86.25,87.80,86.15,87.80,3730000,1.86
Sep-07-2020,87.90,90.25,87.90,90.15,1100000,2.68
Sep-08-2020,90.90,93.50,90.20,93.50,2120000,3.72
Sep-09-2020,93.00,93.00,91.10,91.25,3080000,-2.41
Sep-10-2020,91.10,92.15,90.20,92.00,2140000,0.82
Sep-11-2020,90.90,91.65,90.85,91.10,1780000,-0.98
Sep-14-2020,91.10,91.10,89.50,89.50,2040000,-1.76
Sep-15-2020,89.80,90.05,88.85,90.05,2910000,0.61
Sep-16-2020,90.50,90.50,88.00,88.00,2310000,-2.28
Sep-17-2020,88.90,88.90,86.85,88.00,3290000,0.00
Sep-18-2020,88.00,89.10,86.65,89.00,3360000,1.14
Sep-21-2020,88.85,90.85,88.50,90.10,1160000,1.24
Sep-22-2020,89.50,89.50,87.65,88.30,1690000,-2.00
Sep-23-2020,88.40,89.40,88.30,88.40,2020000,0.11
Sep-24-2020,88.40,88.60,87.50,87.50,1140000,-1.02
Sep-25-2020,86.20,87.65,85.85,87.00,1750000,-0.57
Sep-28-2020,87.00,87.70,86.45,86.45,2260000,-0.63
Sep-29-2020,86.80,87.10,86.50,86.50,2920000,0.06
Sep-30-2020,87.10,87.10,86.25,86.25,2980000,-0.29
Oct-01-2020,86.75,87.80,86.70,87.80,2590000,1.80
Oct-02-2020,87.95,89.90,87.60,89.90,1460000,2.39
Oct-05-2020,89.90,90.00,88.05,88.30,1100000,-1.78
Oct-06-2020,88.40,88.50,86.55,86.55,1820000,-1.98
Oct-07-2020,86.60,88.00,86.60,88.00,1620000,1.68
Oct-08-2020,88.20,88.50,87.30,87.95,820300,-0.06
Oct-09-2020,88.00,88.50,87.65,87.80,1240000,-0.17
Oct-12-2020,87.80,88.25,87.75,87.80,1260000,0.00
Oct-13-2020,88.00,88.00,87.40,87.40,788970,-0.46
Oct-14-2020,87.80,87.95,87.20,87.60,1450000,0.23
Oct-15-2020,87.60,88.60,87.50,87.50,2460000,-0.11
Oct-16-2020,87.50,88.40,87.50,87.50,2230000,0.00
Oct-19-2020,87.70,89.10,87.65,89.00,1800000,1.71
Oct-20-2020,89.10,92.45,89.10,90.80,5480000,2.02
Oct-21-2020,92.00,94.00,92.00,93.95,6620000,3.47
Oct-22-2020,95.60,97.60,95.25,95.75,5360000,1.92
Oct-23-2020,95.85,98.30,95.85,97.00,4650000,1.31
Oct-26-2020,97.00,97.00,95.00,95.25,2800000,-1.80
Oct-27-2020,95.25,95.30,91.90,91.90,3260000,-3.52
Oct-28-2020,92.00,93.70,91.60,92.00,2840000,0.11
Oct-29-2020,90.80,91.00,89.00,89.00,4690000,-3.26
Oct-30-2020,89.00,89.90,88.35,88.90,6570000,-0.11
Nov-03-2020,89.00,90.55,88.85,90.00,5200000,1.24
Nov-04-2020,91.00,91.15,90.20,90.50,4130000,0.56
Nov-05-2020,90.95,93.25,90.60,92.85,5090000,2.60
Nov-06-2020,93.00,93.50,90.10,92.00,6870000,-0.92
Nov-09-2020,92.15,93.20,92.05,92.65,4010000,0.71
Nov-10-2020,96.05,99.00,95.50,95.50,9480000,3.08
Nov-11-2020,94.80,98.15,92.10,94.30,17770000,-1.26
Nov-13-2020,95.00,95.00,92.20,93.00,10490000,-1.38
Nov-16-2020,94.30,94.35,92.25,92.60,5100000,-0.43
Nov-17-2020,93.20,95.45,92.75,95.30,16520000,2.92
Nov-18-2020,95.60,97.85,95.40,97.35,13440000,2.15
Nov-19-2020,97.95,100.80,97.15,99.00,12050000,1.69
Nov-20-2020,101.00,104.70,100.60,104.70,10140000,5.76
Nov-23-2020,105.00,110.00,104.90,107.40,14490000,2.58
Nov-24-2020,108.90,111.30,104.00,108.90,10280000,1.40
Nov-25-2020,110.00,111.00,107.10,107.90,8119999,-0.92
Nov-26-2020,107.70,107.70,104.70,106.50,7070000,-1.30
Nov-27-2020,105.50,105.50,103.30,103.30,12210000,-3.00
Dec-01-2020,101.10,105.00,101.00,105.00,5370000,1.65
Dec-02-2020,107.00,107.00,103.80,104.10,4030000,-0.86
Dec-03-2020,104.70,107.50,104.10,107.50,5560000,3.27
Dec-04-2020,107.50,108.60,106.70,108.40,6710000,0.84
Dec-07-2020,108.90,109.50,107.70,109.50,3880000,1.01
Dec-09-2020,109.60,109.90,107.00,107.00,3870000,-2.28
Dec-10-2020,107.00,108.60,107.00,108.30,3530000,1.21
Dec-11-2020,108.30,110.40,108.20,110.10,4770000,1.66
Dec-14-2020,110.30,113.60,110.30,113.50,3290000,3.09
Dec-15-2020,113.50,114.50,111.40,114.50,4870000,0.88
Dec-16-2020,114.50,115.40,112.60,115.40,5080000,0.79
Dec-17-2020,114.80,114.90,113.50,114.90,2390000,-0.43
Dec-18-2020,114.60,114.60,112.00,112.00,3980000,-2.52
Dec-21-2020,111.00,111.50,108.10,109.90,4320000,-1.87
Dec-22-2020,109.00,109.40,105.10,107.90,5090000,-1.82
Dec-23-2020,106.80,108.50,105.40,106.80,3220000,-1.02
Dec-28-2020,105.00,105.40,103.50,104.50,3540000,-2.15
Dec-29-2020,104.50,107.60,104.50,106.80,2770000,2.20
Jan-04-2021,106.90,108.00,104.70,105.00,4360000,-1.69
Jan-05-2021,104.50,104.50,101.60,102.40,4810000,-2.48
Jan-06-2021,102.00,102.00,99.00,99.90,5040000,-2.44
Jan-07-2021,101.00,107.00,101.00,107.00,3040000,7.11
Jan-08-2021,107.50,109.00,106.60,109.00,3400000,1.87
Jan-11-2021,109.00,112.00,108.80,110.90,3450000,1.74
Jan-12-2021,110.90,111.00,108.00,111.00,2970000,0.09
Jan-13-2021,111.10,112.70,110.60,111.50,4890000,0.45
Jan-14-2021,109.50,113.00,108.70,113.00,7200000,1.35
Jan-15-2021,112.50,113.50,111.60,112.00,3820000,-0.88
Jan-18-2021,111.40,111.40,109.00,109.50,2230000,-2.23
Jan-19-2021,109.60,111.00,108.00,111.00,2990000,1.37
Jan-20-2021,110.00,111.00,108.80,111.00,1810000,0.00
Jan-21-2021,110.90,112.00,109.30,112.00,2280000,0.90
Jan-22-2021,111.40,111.90,109.20,111.10,5070000,-0.80
Jan-25-2021,110.90,111.90,109.50,111.90,9200000,0.72
Jan-26-2021,110.70,110.80,106.80,108.00,3520000,-3.49
Jan-27-2021,107.00,107.00,103.60,104.50,2980000,-3.24
Jan-28-2021,103.80,106.40,103.00,103.80,3270000,-0.67
Jan-29-2021,103.90,104.50,100.70,100.70,3660000,-2.99
Feb-01-2021,100.70,104.30,100.20,104.00,3410000,3.28
Feb-02-2021,104.70,105.30,103.10,105.30,2950000,1.25
Feb-03-2021,105.40,106.70,105.00,105.20,2350000,-0.09
Feb-04-2021,106.00,106.80,104.00,106.50,2430000,1.24
Feb-05-2021,106.00,109.00,105.40,109.00,2730000,2.35
Feb-08-2021,109.00,112.00,108.00,111.10,3690000,1.93
Feb-09-2021,110.50,113.50,110.50,112.50,5030000,1.26
Feb-10-2021,112.40,112.50,106.10,107.30,6910000,-4.62
Feb-11-2021,107.80,108.60,107.00,107.00,2650000,-0.28
Feb-15-2021,107.00,108.70,107.00,107.10,653840,0.09
Feb-16-2021,107.20,109.20,107.20,109.00,1010000,1.77
Feb-17-2021,108.00,108.50,105.20,105.60,5460000,-3.12
Feb-18-2021,107.00,107.90,105.90,107.60,1950000,1.89
Feb-19-2021,107.30,108.50,106.50,108.50,1920000,0.84
Feb-22-2021,107.00,107.70,106.00,106.00,2900000,-2.30
Feb-23-2021,105.90,105.90,104.10,105.00,3370000,-0.94
Feb-24-2021,105.00,105.70,103.00,103.20,4220000,-1.71
Feb-26-2021,103.30,107.50,103.30,105.50,12950000,2.23
Mar-01-2021,105.50,109.90,105.50,109.40,3680000,3.70
Mar-02-2021,109.30,109.40,107.50,109.30,3590000,-0.09
Mar-03-2021,109.40,109.40,107.20,109.00,3140000,-0.27
Mar-04-2021,109.00,110.40,107.50,108.90,2890000,-0.09
Mar-05-2021,109.40,110.80,108.10,110.80,4690000,1.74
Mar-08-2021,110.30,110.30,105.50,106.00,2400000,-4.33
Mar-09-2021,106.00,109.30,104.40,108.90,2920000,2.74
Mar-10-2021,107.20,108.60,105.70,105.90,2180000,-2.75
Mar-11-2021,106.00,106.60,104.30,105.00,2049999,-0.85
Mar-12-2021,105.90,106.90,103.40,105.90,2290000,0.86
Mar-15-2021,103.50,103.90,101.60,102.30,3030000,-3.40
Mar-16-2021,102.50,104.60,101.70,104.60,2950000,2.25
Mar-17-2021,104.60,104.70,103.20,103.80,3690000,-0.76
Mar-18-2021,104.40,106.90,104.40,106.00,2540000,2.12
Mar-19-2021,105.30,106.80,102.00,102.00,6170000,-3.77
Mar-22-2021,101.30,103.70,100.60,103.40,2490000,1.37
Mar-23-2021,102.50,105.00,102.50,105.00,2430000,1.55
Mar-24-2021,104.90,105.00,103.40,105.00,1690000,0.00
Mar-25-2021,104.90,105.40,104.30,105.00,2780000,0.00
Mar-26-2021,105.10,105.50,104.60,105.00,1930000,0.00
Mar-29-2021,103.00,106.60,102.10,106.00,3820000,0.95
Mar-30-2021,106.00,106.00,103.50,103.90,2420000,-1.98
Mar-31-2021,103.60,103.80,101.60,102.00,4050000,-1.83
Apr-05-2021,101.60,103.00,101.00,101.50,3810000,-0.49
Apr-06-2021,102.00,103.50,101.10,101.80,2850000,0.30
Apr-07-2021,102.10,102.50,101.70,101.80,3070000,0.00
Apr-08-2021,102.30,102.60,101.30,101.40,3400000,-0.39
Apr-12-2021,101.50,103.60,101.50,103.50,2810000,2.07
Apr-13-2021,103.50,103.50,101.30,101.40,2420000,-2.03
Apr-14-2021,101.60,104.00,101.60,104.00,2049999,2.56
Apr-15-2021,103.00,104.90,102.50,104.90,2240000,0.87
Apr-16-2021,104.50,104.80,103.20,104.80,1070000,-0.10
Apr-19-2021,104.90,105.40,104.00,105.20,2020000,0.38
Apr-20-2021,105.20,106.50,104.40,106.50,2920000,1.24
Apr-21-2021,106.20,107.00,105.60,105.60,2009999,-0.85
Apr-22-2021,105.00,105.00,102.40,103.00,2360000,-2.46
Apr-23-2021,103.10,105.10,103.10,105.00,1480000,1.94
Apr-26-2021,105.40,105.80,104.50,105.20,2160000,0.19
Apr-27-2021,105.50,105.60,103.40,104.00,1390000,-1.14
Apr-28-2021,104.40,105.90,103.20,105.90,1840000,1.83
Apr-29-2021,104.50,106.00,104.10,106.00,1550000,0.09
Apr-30-2021,105.90,105.90,103.10,103.10,1950000,-2.74
May-03-2021,103.40,104.10,103.40,103.70,866330,0.58
May-04-2021,104.00,105.20,103.60,104.80,681850,1.06
May-05-2021,104.80,104.80,103.60,104.80,1340000,0.00
May-06-2021,104.80,104.80,103.80,104.80,2150000,0.00
May-07-2021,104.20,104.60,103.50,104.00,1020000,-0.76
May-10-2021,104.00,105.50,103.60,105.50,1400000,1.44
May-11-2021,105.00,106.50,105.00,106.00,2760000,0.47
May-12-2021,105.90,105.90,103.50,105.60,1200000,-0.38
May-14-2021,105.90,106.00,102.50,106.00,3030000,0.38
May-17-2021,104.20,105.90,104.20,105.90,3380000,-0.09
May-18-2021,104.50,105.00,102.50,102.50,4890000,-3.21
May-19-2021,102.80,103.60,102.30,102.70,2460000,0.20
May-20-2021,103.00,103.30,102.60,102.60,3610000,-0.10
May-21-2021,102.60,103.00,101.80,102.00,2440000,-0.58
May-24-2021,102.00,102.40,100.70,101.10,3550000,-0.88
May-25-2021,101.50,102.20,101.10,101.10,2370000,0.00
May-26-2021,101.30,102.90,101.20,101.40,4090000,0.30
May-27-2021,101.70,103.20,98.50,98.50,26810000,-2.86
May-28-2021,101.00,102.70,100.80,101.80,6560000,3.35
May-31-2021,102.20,103.70,102.20,103.70,5340000,1.87
Jun-01-2021,103.60,105.80,103.40,105.80,5510000,2.03
Jun-02-2021,105.00,107.30,104.80,106.50,2750000,0.66
Jun-03-2021,106.20,106.60,105.10,105.20,1560000,-1.22
Jun-04-2021,105.80,107.70,105.70,107.00,3420000,1.71
Jun-07-2021,107.00,107.00,105.90,106.40,1270000,-0.56
Jun-08-2021,106.40,107.80,105.50,106.90,2520000,0.47
Jun-09-2021,107.30,110.30,107.30,110.30,5330000,3.18
Jun-10-2021,110.10,110.10,108.20,109.00,1780000,-1.18
Jun-11-2021,110.60,110.60,108.60,109.60,1710000,0.55
Jun-14-2021,110.00,114.00,109.80,114.00,5170000,4.01
Jun-15-2021,113.70,114.10,112.00,112.70,3720000,-1.14
Jun-16-2021,112.70,118.10,112.70,117.90,6980000,4.61
Jun-17-2021,117.70,117.70,115.40,116.40,3820000,-1.27
Jun-18-2021,116.00,117.00,113.00,113.10,6980000,-2.84
Jun-21-2021,113.30,114.50,112.60,114.40,2040000,1.15
Jun-22-2021,114.40,115.70,113.60,114.40,2170000,0.00
Jun-23-2021,114.40,115.50,113.60,114.10,2060000,-0.26
Jun-24-2021,114.00,114.50,113.50,113.90,2410000,-0.18
Jun-25-2021,113.90,115.00,113.60,115.00,1100000,0.97
Jun-28-2021,115.00,115.20,112.00,113.20,2740000,-1.57
Jun-29-2021,113.20,115.00,113.10,115.00,1980000,1.59
Jun-30-2021,114.10,115.00,113.20,113.20,1740000,-1.57
Jul-01-2021,114.00,115.50,114.00,115.00,1830000,1.59
Jul-02-2021,115.00,115.40,114.10,115.40,1160000,0.35
Jul-05-2021,115.40,116.60,114.30,114.30,1530000,-0.95
Jul-06-2021,115.40,115.50,114.50,114.60,672280,0.26
Jul-07-2021,114.60,114.90,113.50,114.50,1810000,-0.09
Jul-08-2021,114.50,114.70,113.70,114.20,1240000,-0.26
Jul-09-2021,113.50,114.00,110.10,111.50,3460000,-2.36
Jul-12-2021,111.50,113.00,111.10,112.50,1580000,0.90
Jul-13-2021,112.00,112.00,109.70,110.70,1900000,-1.60
Jul-14-2021,110.40,111.80,110.40,111.50,1560000,0.72
Jul-15-2021,111.50,111.80,109.20,109.50,1140000,-1.79
Jul-16-2021,109.50,110.00,108.60,109.10,1540000,-0.37
Jul-19-2021,108.00,109.00,106.00,108.50,2710000,-0.55
Jul-21-2021,108.30,108.30,104.10,104.10,2690000,-4.06
Jul-22-2021,104.50,107.60,104.50,107.60,1720000,3.36
Jul-23-2021,107.00,107.60,104.30,105.60,1300000,-1.86
Jul-26-2021,105.00,105.20,102.30,102.30,1600000,-3.12
Jul-27-2021,102.90,106.40,102.60,106.40,1870000,4.01
Jul-28-2021,106.00,107.80,104.20,104.20,2580000,-2.07
Jul-29-2021,104.80,106.50,104.50,106.20,1990000,1.92
Jul-30-2021,107.00,108.40,102.00,102.00,3870000,-3.95
Aug-02-2021,102.20,106.50,102.20,106.50,2670000,4.41
Aug-03-2021,106.40,111.00,105.20,111.00,3760000,4.23
Aug-04-2021,110.70,113.50,110.30,112.90,4340000,1.71
Aug-05-2021,111.00,112.70,110.30,111.00,2270000,-1.68
Aug-06-2021,110.00,111.00,109.50,111.00,877810,0.00
Aug-09-2021,110.80,110.80,109.00,110.80,459430,-0.18
Aug-10-2021,111.20,111.30,109.00,109.10,749740,-1.53
Aug-11-2021,111.00,111.50,109.70,111.50,802940,2.20
Aug-12-2021,111.40,111.40,108.60,109.30,822950,-1.97
Aug-13-2021,109.60,110.20,106.60,106.60,1260000,-2.47
Aug-16-2021,107.90,108.80,107.10,108.80,665070,2.06
Aug-17-2021,109.00,111.90,108.80,111.10,2290000,2.11
Aug-18-2021,111.10,112.80,111.00,112.80,2390000,1.53
Aug-19-2021,112.00,112.20,110.00,112.00,738170,-0.71
Aug-20-2021,112.00,112.50,110.50,111.90,933750,-0.09
Aug-23-2021,112.30,113.20,111.00,111.00,1250000,-0.80
Aug-24-2021,112.00,113.00,111.10,112.90,896430,1.71
Aug-25-2021,112.70,113.50,111.00,113.50,1260000,0.53
Aug-26-2021,113.50,113.50,111.90,111.90,968310,-1.41
Aug-27-2021,111.90,112.40,111.10,112.00,568670,0.09
Aug-31-2021,112.00,113.40,109.90,109.90,3660000,-1.87
Sep-01-2021,110.60,113.10,110.60,113.00,1850000,2.82
Sep-02-2021,113.00,114.70,112.30,114.60,1520000,1.42
Sep-03-2021,113.50,115.80,113.20,115.80,2240000,1.05
Sep-06-2021,115.90,117.10,115.90,117.00,2540000,1.04
Sep-07-2021,116.10,116.50,114.00,114.80,1170000,-1.88
Sep-08-2021,114.80,115.50,114.30,114.30,1120000,-0.44
Sep-09-2021,114.30,115.70,114.00,114.80,877450,0.44
Sep-10-2021,114.00,114.80,113.30,114.80,1100000,0.00
Sep-13-2021,113.90,114.40,113.40,113.40,624750,-1.22
Sep-14-2021,113.50,115.40,113.00,113.00,836670,-0.35
Sep-15-2021,113.00,114.30,110.50,110.70,3250000,-2.04
Sep-16-2021,111.70,112.80,111.10,111.90,1610000,1.08
Sep-17-2021,112.00,114.80,112.00,114.80,2560000,2.59
Sep-20-2021,114.40,114.40,111.70,112.00,870280,-2.44
Sep-21-2021,111.00,111.60,109.30,110.50,3590000,-1.34
Sep-22-2021,111.00,113.30,110.50,110.50,1670000,0.00
Sep-23-2021,110.80,112.50,110.80,111.00,1090000,0.45
Sep-24-2021,111.10,116.10,111.00,113.30,4920000,2.07
Sep-27-2021,113.40,115.00,112.80,113.00,1830000,-0.26
Sep-28-2021,113.00,114.00,112.80,113.60,1110000,0.53
Sep-29-2021,113.50,113.50,112.00,113.40,2260000,-0.18
Sep-30-2021,113.30,113.40,110.60,110.60,4550000,-2.47
Oct-01-2021,111.60,112.70,111.00,112.30,1740000,1.54
Oct-04-2021,112.50,113.10,112.10,113.00,1170000,0.62
Oct-05-2021,112.60,112.90,112.20,112.50,1650000,-0.44
Oct-06-2021,112.70,115.60,112.60,114.50,3170000,1.78
Oct-07-2021,116.90,117.60,115.30,116.00,4790000,1.31
Oct-08-2021,117.00,123.30,116.30,121.00,6120000,4.31
Oct-11-2021,122.00,129.90,122.00,127.20,5790000,5.12
Oct-12-2021,126.90,129.40,126.00,127.20,1790000,0.00
Oct-13-2021,127.20,131.50,126.00,130.30,3720000,2.44
Oct-14-2021,130.30,131.90,127.00,128.00,1770000,-1.77
Oct-15-2021,129.20,132.00,128.50,132.00,2290000,3.13
Oct-18-2021,132.50,135.00,131.50,133.00,4050000,0.76
Oct-19-2021,132.90,133.40,128.80,131.80,2390000,-0.90
Oct-20-2021,130.00,132.30,129.10,131.00,2290000,-0.61
Oct-21-2021,131.00,132.00,126.40,126.40,2640000,-3.51
Oct-22-2021,127.40,128.50,127.00,128.00,762290,1.27
Oct-25-2021,128.70,130.00,128.40,129.00,1680000,0.78
Oct-26-2021,129.20,130.70,129.10,130.00,2790000,0.78
Oct-27-2021,131.00,132.40,129.60,129.70,2060000,-0.23
Oct-28-2021,130.00,130.00,127.00,127.00,1210000,-2.08
Oct-29-2021,127.00,128.70,124.10,124.10,2720000,-2.28
Nov-02-2021,127.00,128.70,124.10,125.20,5310000,0.89
Nov-03-2021,127.00,128.50,126.00,126.60,1430000,1.12
Nov-04-2021,128.00,128.50,126.40,126.40,1030000,-0.16
Nov-05-2021,126.50,129.70,126.40,129.00,2920000,2.06
Nov-08-2021,129.50,133.20,129.30,133.00,2120000,3.10
Nov-09-2021,133.00,133.20,131.00,132.00,2370000,-0.75
Nov-10-2021,132.00,133.30,129.50,130.00,1060000,-1.52
Nov-11-2021,129.50,130.30,129.50,130.00,1550000,0.00
Nov-12-2021,129.50,131.00,128.40,130.00,1800000,0.00
Nov-15-2021,129.90,129.90,127.40,127.40,886830,-2.00
Nov-16-2021,127.40,128.00,125.80,127.20,2140000,-0.16
Nov-17-2021,127.50,130.30,127.30,129.70,1220000,1.97
Nov-18-2021,130.00,130.40,128.00,128.00,1040000,-1.31
Nov-19-2021,127.80,127.80,125.10,125.60,2310000,-1.88
Nov-22-2021,126.10,128.50,125.90,128.00,2110000,1.91
Nov-23-2021,128.00,133.50,127.60,133.50,4860000,4.30
Nov-24-2021,133.00,133.00,131.00,132.10,2510000,-1.05
Nov-25-2021,132.00,134.10,130.40,130.40,1590000,-1.29
Nov-26-2021,130.40,130.40,126.70,127.00,3930000,-2.61
Nov-29-2021,124.80,125.30,121.30,124.00,12620000,-2.36
Dec-01-2021,123.00,125.00,118.00,118.00,6500000,-4.84
