,log_return,ad,wr,cmf,atr,rsi,cci,adx,slope,k_values,d_values,macd,signal,divergence,gdp,inflation,real_interest_rate,roe,eps,p/e,psei_returns
0,-0.004066226921259375,-492031.8181817927556629693144,0.1987577639751546435480317258,0.2554129746238792375032310138,1.958,56.9373,115.1749,15.0514,0.3445,77.8468,81.3181,0.624,0.2518,0.3721,361489325230.731,2.6352,0.0,0.07650579805957082,1.1081,77.52007941521524,-0.004559075782415851
1,-0.0011648224962932054,434060.6666666596170974419996,0.2111801242236029120970131499,0.2652651505736392468311312376,1.8717,56.5555,94.6249,14.3007,0.3673,81.1594,79.9862,0.6664,0.3347,0.3317,361489325230.731,2.6352,0.0,0.07650579805957082,1.1081,77.42983485245013,0.01211874632830958
2,-0.007017572658646535,914564.4444444426393413267102,0.2857142857142854620966332706,0.2402433003689698289517710743,1.8737,54.2068,57.8305,14.4088,0.3669,76.8116,78.6059,0.6442,0.3966,0.2476,361489325230.731,2.6352,0.0,0.07650579805957082,1.1081,76.88836747585958,-0.011081810051494388
3,-0.014184634991956413,-1370547.391304331886117763171,0.4347826086956523274194406179,0.2097737055930297355566696661,1.8363,49.7563,26.8528,14.5374,0.3233,68.9441,75.6384,0.5238,0.4221,0.1017,361489325230.731,2.6352,0.0,0.07650579805957082,1.1081,75.80543272267845,-0.016906802285192826
4,0.02236703014689621,3160410,0.2133333333333325754210818559,0.2775509068332843241973470943,1.8623,55.9264,58.2404,13.9653,0.2082,68.8723,71.5427,0.575,0.4527,0.1224,361489325230.731,2.6352,0.0,0.07650579805957082,1.1081,77.52007941521524,0.011145545307421133
5,-0.0046674530474951695,439933.3333333229136188593759,0.2919708029197082714834838758,0.3099401913693106702657064507,1.815,54.4115,59.6714,13.4341,0.177,68.6638,68.8267,0.5767,0.4775,0.0992,361489325230.731,2.6352,0.0,0.07650579805957082,1.1081,77.15910116415485,-0.016899595962288728
6,-0.012948974340803068,-1198008.620689630124540386310,0.4525547445255469909684677329,0.2565222699685740237544169988,1.7889,50.3706,25.4865,13.3763,0.101,68.0714,68.5358,0.4837,0.4787,0.005,361489325230.731,2.6352,0.0,0.07650579805957082,1.1081,76.16641097373883,0.0006355958851802281
7,-0.0035608346230091804,-1270395.000000090266993879594,0.4963503649635048913528548634,0.1920629875249648596489663856,1.6897,49.2954,1.0792,13.3562,0.0008,58.6375,65.1242,0.3814,0.4592,-0.0779,361489325230.731,2.6352,0.0,0.07650579805957082,1.1081,75.89567728544354,-0.008654043289597558
8,0.056629802753237465,5357610,0,0.2278826745400058868430989494,1.9619,63.1368,126.8448,14.2737,0.0414,68.3698,65.0262,0.6877,0.5049,0.1828,361489325230.731,2.6352,0.0,0.07650579805957082,1.1081,80.31766086093312,0.00574284591673793
9,-0.019285906886583343,325426.6666666602436234993714,0.3090909090909096076674441892,0.2096659293486052140653170119,2.0217,57.2933,116.5141,15.1257,0.0385,73.152,66.7198,0.7843,0.5608,0.2235,361489325230.731,2.6352,0.0,0.07650579805957082,1.1081,78.78350329392653,0.011429883217774812
10,-0.015003166592048735,-1411190,0.5454545454545454545454545455,0.2942977305967319385672446806,1.988,53.2356,82.9645,15.7616,0.0545,71.5152,71.0123,0.7474,0.5981,0.1492,361489325230.731,2.6352,0.0,0.07650579805957082,1.1081,77.61032397798031,0.0067529662078579375
11,0.03203935374461666,1874020,0.03636363636363688039471691644,0.2735772645574120078819418422,2.0639,59.8339,139.6735,16.9157,0.1691,70.303,71.6567,0.9332,0.6652,0.2681,361489325230.731,2.6352,0.0,0.07650579805957082,1.1081,80.13717173540293,0.0033500965520563506
12,-0.007914117055990643,1535746.153846142654222835005,0.1636363636363646698803429238,0.2780619591815999581486883085,2.045,57.6441,129.6936,17.9874,0.1999,75.1515,72.3232,1.0124,0.7346,0.2778,361489325230.731,2.6352,0.0,0.07650579805957082,1.1081,79.50545979604728,-0.008718884910538856
13,-0.018328119004300075,-806206.1538461384234327577563,0.4545454545454545454545454545,0.2313101141937065444333741136,2.0454,52.8804,59.143,18.1922,0.2125,78.1818,74.5455,0.9353,0.7747,0.1605,361489325230.731,2.6352,0.0,0.07650579805957082,1.1081,78.06154679180578,-0.00016274504426399
14,-0.05220639747945119,-1926973.333333338428019487765,0.9857142857142865263345551544,0.1550416501641098336397822348,2.2207,42.483,-140.1962,17.8029,0.0868,46.5368,66.6234,0.5131,0.7224,-0.2093,361489325230.731,2.6352,0.0,0.07650579805957082,1.1081,74.09078603014167,-0.01825059510272498
15,0.0,-1856630,0.9857142857142865263345551544,0.05406903806720826097514269535,2.1157,42.483,-199.5722,17.4415,-0.0255,19.1342,47.9509,0.1766,0.6133,-0.4367,361489325230.731,2.6352,0.0,0.07650579805957082,1.1081,74.09078603014167,0.0014655700931774064
16,0.002433091224641651,-1216700.000000028817244886644,0.9571428571428575488815632915,-0.02383530057608672163367138970,2.0146,43.0731,-161.6786,17.1058,-0.1356,2.381,22.684,-0.0732,0.476,-0.5491,361489325230.731,2.6352,0.0,0.07650579805957082,1.1081,74.27127515567186,0.006112658672355068
17,-0.009768087436207072,-2299010,1,-0.06285210656725553518537581237,1.9385,41.2501,-163.9383,17.147,-0.2954,1.9048,7.8066,-0.3318,0.3144,-0.6462,361489325230.731,2.6352,0.0,0.07650579805957082,1.1081,73.54931865355111,-0.013179270411682592
18,-0.016079505374348234,-2163845.384615398131908741507,0.9670329670329673247005556798,-0.03773985267413453277938124696,1.9143,38.4057,-185.8413,17.9044,-0.4187,2.5275,2.2711,-0.6344,0.1247,-0.759,361489325230.731,2.6352,0.0,0.07650579805957082,1.1081,72.37613933760491,0.001393543968588128
19,0.0,2514620.769230790610630163040,0.7999999999999997416208233600,0.01188196100447665910771736750,1.9633,38.4057,-179.9693,19.3058,-0.5301,7.7656,4.0659,-0.8642,-0.0731,-0.7911,361489325230.731,2.6352,0.0,0.07650579805957082,1.1081,72.37613933760491,-0.026519115592071967
20,0.028274778468166426,1455905.000000003358710135411,0.5909090909090909090909090909,0.05346343968364205445891684604,2.0231,46.0404,-90.8644,19.1894,-0.5888,21.4019,10.565,-0.8509,-0.2287,-0.6223,361489325230.731,2.6352,0.0,0.07650579805957082,1.1081,74.45176428120205,0.0010097975619231484
21,0.015634714147401935,2505390,0.4727272727272729856519039128,0.09468864427515839995952221600,2.075,49.826,-48.0724,18.5266,-0.6119,37.8788,22.3488,-0.7271,-0.3284,-0.3988,361489325230.731,2.6352,0.0,0.07650579805957082,1.1081,75.62494359714826,0.001180870644486386
22,0.02533272434082091,3135372.400000009380278243042,0.2638888888888884320069857510,0.1349722292313737469745478183,2.1054,55.399,32.2581,17.6595,-0.4107,55.7492,38.3433,-0.4504,-0.3528,-0.0976,361489325230.731,2.6352,0.0,0.07650579805957082,1.1081,77.56520169659778,0.009701781245451745
23,-0.02294893298554465,-3184146.666666668651291476837,0.4444444444444442982422354403,0.09480596793565208909553960556,2.1264,49.977,9.0264,16.8544,-0.3078,60.6313,51.4198,-0.3839,-0.359,-0.0249,361489325230.731,2.6352,0.0,0.07650579805957082,1.1081,75.80543272267845,-0.029810234497977237
24,-0.022878782384931108,-293836.0000000111350952162563,0.6203703703703707967934799658,0.02989582681324655773562665127,2.1531,45.3225,-64.0648,16.2307,-0.2876,55.7099,57.3634,-0.4791,-0.383,-0.0961,361489325230.731,2.6352,0.0,0.07650579805957082,1.1081,74.09078603014167,-0.0063797486647685095
25,0.015710292906318705,1073470,0.4757281553398051286978554147,0.04258710474898082328510647668,2.0993,48.8337,-36.7953,15.4551,-0.1208,48.6486,54.9966,-0.4445,-0.3953,-0.0492,361489325230.731,2.6352,0.0,0.07650579805957082,1.1081,75.2639653460879,0.007971061212146491
26,0.01664723343315621,1671080,0.2727272727272725891020445775,0.1006876735941656407122447837,2.1422,52.3803,-4.8803,14.6262,0.0867,54.3725,52.9103,-0.3006,-0.3764,0.0758,361489325230.731,2.6352,0.0,0.07650579805957082,1.1081,76.5273892247992,0.007827991911332884
27,-0.008883682943232793,-1240320,0.2882352941176473931965815342,0.1040039200095651185236722888,2.0428,50.3662,7.7488,13.8566,0.2345,65.4436,56.1549,-0.2443,-0.3499,0.1057,361489325230.731,2.6352,0.0,0.07650579805957082,1.1081,75.850555004061,0.012844638404847113
28,-0.018613566513989318,-2105944.615384624976690053682,0.4545454545454545454545454545,-0.05307603376920208243612064438,2.0111,46.3957,-32.3991,13.3629,0.2037,66.1497,61.9886,-0.321,-0.3442,0.0231,361489325230.731,2.6352,0.0,0.07650579805957082,1.1081,74.45176428120205,-0.005541843413686353
29,0.02513597327154224,2558230.606060600742267412853,0.2000000000000006890111377068,-0.003856579679190854235245188546,2.1032,51.9253,-1.3305,12.4351,0.2312,68.574,66.7225,-0.21,-0.3173,0.1074,361489325230.731,2.6352,0.0,0.07650579805957082,1.1081,76.346900099269,0.009602876625949483
30,-0.0047393453638964475,515983.8709677487476796316273,0.2484848484848481403429159951,0.03783524476049477552132250233,2.0815,50.8493,10.4861,11.5737,0.2429,69.899,68.2076,-0.1525,-0.2843,0.1319,361489325230.731,2.6352,0.0,0.07650579805957082,1.1081,75.98592184820865,-0.009462313241562778
31,-0.032591901001464016,-2722550,0.5757575757575757575757575758,-0.06064417076882991393230078630,2.1257,44.1925,-42.0216,11.3617,0.1426,65.8586,68.1105,-0.3211,-0.2917,-0.0294,361489325230.731,2.6352,0.0,0.07650579805957082,1.1081,73.54931865355111,-0.015777190737592397
32,0.018237587549780793,537650,0.3939393939393939393939393939,-0.08491598464164141278466316390,2.081,48.2461,-24.5599,11.1649,0.0424,59.3939,65.0505,-0.3299,-0.2993,-0.0305,361489325230.731,2.6352,0.0,0.07650579805957082,1.5103,74.90298709502751,0.008047505837016376
33,0.0006022282627059191,1055000,0.5120000000000004547473508865,-0.04541709964893463515507897541,2.0002,48.3807,-4.8309,10.9513,-0.0687,50.6101,58.6209,-0.329,-0.3053,-0.0237,361489325230.731,2.6352,0.0,0.07650579805957082,1.5103,74.94810937641006,0.014514295788511657
34,0.011373962784009694,772780,0.4326923076923074558104799615,0.01676005202302469261088006264,1.9288,50.9887,57.9735,10.1718,-0.0893,55.3789,55.1277,-0.2488,-0.294,0.0452,361489325230.731,2.6352,0.0,0.07650579805957082,1.5103,75.80543272267845,0.009303924136729754
35,-0.0035778213478839666,1003062.093023258120019360854,0.5368421052631572963850646231,0.08399138106231814204112939058,1.9446,50.1274,31.0722,9.983,-0.0823,50.6155,52.2015,-0.207,-0.2766,0.0696,361489325230.731,2.6352,0.0,0.07650579805957082,1.5103,75.53469903438318,-0.01614659141882954
36,-0.010207233622857796,1422550,0.7096774193548402870182132725,0.1474422704687268992991699229,1.9128,47.6703,-16.1987,9.8077,-0.0282,44.0263,50.0069,-0.2398,-0.2692,0.0295,361489325230.731,2.6352,0.0,0.07650579805957082,1.5103,74.76762025087987,-0.004061607826713881
37,-0.01642872362575479,-836068.1818181789378803724063,0.8799999999999992420877485226,0.1841779936017915088141125541,1.9048,43.9829,-76.355,10.2736,-0.0634,29.116,41.2526,-0.3704,-0.2894,-0.0809,361489325230.731,2.6352,0.0,0.07650579805957082,1.5103,73.54931865355111,-0.009378611223806852
38,0.024243611609992853,685170,0.3466666666666659087544151892,0.2745122401626958009184275331,1.9116,50.1366,-11.7353,10.1532,-0.0931,35.4552,36.1992,-0.3089,-0.2933,-0.0156,361489325230.731,2.6352,0.0,0.07650579805957082,1.5103,75.35420990885298,0.010079432071623103
39,-0.006006024060211922,982380,0.4799999999999992420877485226,0.2519586915580092124852750551,1.8643,48.6964,-35.4195,10.0413,-0.1003,43.1111,35.8941,-0.2972,-0.2941,-0.0031,361489325230.731,2.6352,0.0,0.07650579805957082,1.5103,74.90298709502751,0.002564463170831728
40,0.0,-57061.57894736500676291266914,0.4799999999999992420877485226,0.2141751169508400324354596077,1.799,48.6964,-18.2681,9.5804,-0.0597,56.4444,45.0036,-0.2846,-0.2922,0.0076,361489325230.731,2.6352,0.0,0.07650579805957082,1.5103,74.90298709502751,-0.006927652819522063
41,0.0,-1565655.882352951646733307350,0.4799999999999992420877485226,0.09966708014539059178971847161,1.7312,48.6964,2.5392,8.9388,-0.0358,52.0,50.5185,-0.2714,-0.288,0.0166,361489325230.731,2.6352,0.0,0.07650579805957082,1.5103,74.90298709502751,-0.005411231021347586
42,0.0,-413836.6666666666666666666666,0.4799999999999992420877485226,-0.004538567636824533786102762301,1.7147,48.6964,5.9524,8.6594,-0.0585,52.0,53.4815,-0.2581,-0.282,0.024,361489325230.731,2.6352,0.0,0.07650579805957082,1.5103,74.90298709502751,0.0062746247971403254
43,-0.0109025913382155,-352480,0.6818181818181824054072196364,0.09733764546728083733343404996,1.6922,45.5298,-60.6061,8.6777,-0.0398,45.2727,49.7576,-0.3164,-0.2889,-0.0275,361489325230.731,2.6352,0.0,0.07650579805957082,1.5103,74.09078603014167,-0.009432975065624455
44,0.0012172856037517249,355593.9999999942248060896032,0.6349206349206337748869970107,0.1195052355894320570025705415,1.6964,45.9504,-124.07,9.3111,-0.0204,40.1087,45.7938,-0.3506,-0.3013,-0.0493,361489325230.731,2.6352,0.0,0.07650579805957082,1.5103,74.18103059290678,-0.003712201616206696
45,-0.008552281815317253,-631370,0.8571428571428564983739358185,0.05942872434237269977501155206,1.6823,43.423,-118.9334,9.8101,-0.1013,27.5373,37.6396,-0.4292,-0.3268,-0.1024,361489325230.731,2.6352,0.0,0.07650579805957082,1.5103,73.54931865355111,-0.005856069761909092
46,0.018237587549780793,530873.3333333333333333333334,0.3809523809523811672086880605,0.01855447019450585151196684060,1.6872,49.7954,-31.3712,10.0424,-0.0899,37.5661,35.0707,-0.3662,-0.3347,-0.0315,361489325230.731,2.6352,0.0,0.07650579805957082,1.5103,74.90298709502751,0.0017716933230068012
47,0.0,300545.9999999971526563058433,0.3809523809523811672086880605,0.07861370945268330047012545642,1.6381,49.7954,-3.883,10.2581,-0.0768,46.0317,37.0451,-0.3127,-0.3303,0.0176,361489325230.731,2.6352,0.0,0.07650579805957082,1.5103,74.90298709502751,-0.0051640452594705535
48,0.0,1111320,0.3809523809523811672086880605,0.2125151975553923133177069517,1.5925,49.7954,-23.3333,10.6146,-0.0322,61.9048,48.5009,-0.2672,-0.3177,0.0505,361489325230.731,2.6352,0.0,0.07650579805957082,1.5103,74.90298709502751,0.01756998668483617
49,0.006006024060211949,1143940,0.1694915254237286502630885929,0.1672479494006025782294826440,1.518,52.0441,87.1022,10.4234,0.0212,68.9535,58.9633,-0.1887,-0.2919,0.1032,361489325230.731,2.6352,0.0,0.07650579805957082,1.5103,75.35420990885298,0.0028356114132832267
50,-0.00841857046559579,-2422680.000000043035441876782,0.4067796610169497240791899248,0.03520972679512077554366266508,1.4668,48.7518,45.5506,10.4631,0.0275,68.0925,66.3169,-0.1808,-0.2697,0.0889,361489325230.731,2.6352,0.0,0.07650579805957082,1.5103,74.72249796949733,-0.01814275195044575
51,-0.009708814126960827,-611090,0.7017543859649136803550350461,0.1285169151127823761372547109,1.462,45.2303,-56.2822,11.0759,-0.0334,57.3991,64.8151,-0.2364,-0.263,0.0266,361489325230.731,2.6352,0.0,0.07650579805957082,1.5103,74.00054146737658,-0.0002496045977881687
52,0.003044142381228052,0.0,0.6140350877192994703106556653,0.1040509243538349488398786449,1.3933,46.5301,-90.7154,11.6449,-0.0234,42.581,56.0242,-0.2573,-0.2619,0.0046,361489325230.731,2.6352,0.0,0.07650579805957082,1.5103,74.22615287428931,-0.0015917127467784075
53,-0.009160369398664278,-913790,0.8771929824561421004437938076,0.02134041585877849910013204915,1.3473,43.2165,-152.5151,12.5769,-0.0458,26.9006,42.2936,-0.3306,-0.2756,-0.055,361489325230.731,2.6352,0.0,0.07650579805957082,1.5103,73.54931865355111,-0.009394294784017258
54,0.008552281815317158,1772997.021276609865836702768,0.4499999999999992894572642399,0.06045307404287279070100711690,1.4189,47.0095,-165.0013,14.4322,-0.0416,35.2924,34.9247,-0.3284,-0.2862,-0.0422,361489325230.731,2.6352,0.0,0.07650579805957082,1.5103,74.18103059290678,-0.0026878681500077345
55,-0.0024360547978811158,937336.6666666666666666666666,0.5,0.05571477466590282408096162212,1.4247,46.0628,-101.6381,15.9627,-0.0397,39.0936,33.7622,-0.3389,-0.2967,-0.0422,361489325230.731,2.6352,0.0,0.07650579805957082,1.5103,74.00054146737658,-0.003838464098532612
56,0.010915814876996187,512660,0.1714285714285698044737468341,0.02122589133825310639600848336,1.3873,50.8589,12.8205,16.8709,-0.0076,62.619,45.6683,-0.2715,-0.2917,0.0202,361489325230.731,2.6352,0.0,0.07650579805957082,1.5103,74.81274253226243,0.00933522044799686
57,-0.01152575695141058,-58347.42857143078254011925310,0.4428571428571420450940162742,0.05500237289045392260860515130,1.4132,46.19,-81.4013,18.264,-0.0319,62.8571,54.8566,-0.2913,-0.2916,0.0003,361489325230.731,2.6352,0.0,0.07650579805957082,1.5103,73.95541918599405,0.0014900067924675012
58,0.010922438682733031,684353.6842105218370555617826,0.1857142857142873383833960231,0.05467453573989268268028372518,1.4479,50.7982,-28.614,19.4261,-0.0265,73.3333,66.2698,-0.2318,-0.2797,0.0479,361489325230.731,2.6352,0.0,0.07650579805957082,1.5103,74.76762025087987,-0.014396228009273045
59,-0.008484899389294729,716318.1818181876791023824801,0.3857142857142840901880325483,0.04340943553212128690444746097,1.5267,47.3983,-115.0256,20.9921,-0.067,66.1905,67.4603,-0.2383,-0.2714,0.0331,361489325230.731,2.6352,0.0,0.07650579805957082,1.5103,74.13590831152423,0.005271183249498272
60,-0.020289660058759477,-1601312.727272715013590561143,0.8571428571428571428571428571,-0.02032942989471562039161870457,1.5462,40.5148,-182.9228,22.4462,-0.1081,52.381,63.9683,-0.3724,-0.2916,-0.0808,361489325230.731,2.6352,0.0,0.07650579805957082,1.5103,72.64687302590018,0.002265605680034905
61,-0.0018650922409961304,-394248.5714285754304351216053,0.9000000000000016240976817374,0.02729610387865131601273373599,1.4857,39.9469,-212.1167,23.9487,-0.1425,28.5714,49.0476,-0.4851,-0.3303,-0.1548,361489325230.731,2.6352,0.0,0.07650579805957082,1.5103,72.51150618175254,-0.006200372345586929
62,0.015437169786539763,787370,0.5428571428571444812405388802,0.07791847132299614357635836408,1.4725,46.6577,-110.389,24.2028,-0.1296,23.3333,34.7619,-0.4682,-0.3579,-0.1103,361489325230.731,2.6352,0.0,0.07650579805957082,1.5103,73.6395632163162,0.00015531866377116736
63,-0.01668249995993602,-1739800,0.9285714285714285714285714286,0.01895314572086739968736857048,1.4637,41.291,-143.0917,24.4773,-0.1325,20.9524,24.2857,-0.5573,-0.3977,-0.1595,361489325230.731,2.6352,0.0,0.07650579805957082,1.5103,72.42126161898744,-0.007726253641979636
64,-0.0018709079358117313,-1196780,0.9705882352941193680965918065,-0.04324912650424853357684071077,1.4056,40.7304,-153.221,24.8528,-0.1486,18.5994,20.9617,-0.6327,-0.4447,-0.188,361489325230.731,2.6352,0.0,0.07650579805957082,1.5103,72.2858947748398,0.00025974256592607156
65,-0.0012492194004318168,-814734.0,0.9230769230769230769230769231,-0.04920618984201737325118601710,1.3945,40.3373,-135.7363,25.481,-0.182,5.9254,15.1591,-0.6925,-0.4943,-0.1983,361489325230.731,2.6352,0.0,0.07650579805957082,1.5103,72.19565021207471,-0.005558023194975867
66,0.011805045449762604,1834920,0.6307692307692298947166329106,0.001845130637068234147711962783,1.3627,45.6999,-91.7329,26.0643,-0.1712,15.8522,13.459,-0.6558,-0.5266,-0.1292,361489325230.731,2.6352,0.0,0.07650579805957082,1.5103,73.05297355834311,0.005148212250838005
67,0.014106336334738283,171415.3488372060651712713870,0.2769230769230786721051957172,-0.002957961531638291358486949394,1.419,51.3952,25.7956,24.4191,-0.1466,38.9744,20.2507,-0.5277,-0.5268,-0.0009,361489325230.731,2.6352,0.0,0.07650579805957082,1.5103,74.09078603014167,0.023055826873586052
68,0.04640927979512526,6464480,0E+2,0.1624956988024220496991663611,1.5962,64.857,230.6499,24.9828,0.0099,69.7436,41.5234,-0.1103,-0.4435,0.3332,361489325230.731,2.6352,0.0,0.07650579805957082,1.5103,77.61032397798031,0.04981662574000664
69,-0.02353049741019416,-438270.6122449002188480713122,0.32,0.1095441148727434079371404595,1.6965,56.2527,171.2137,25.5062,0.0859,80.1026,62.9402,0.0584,-0.3431,0.4016,361489325230.731,2.6352,0.0,0.07650579805957082,1.5103,75.80543272267845,0.0014048346907185262
70,0.0,900890,0.32,0.2236511111756745982579694019,1.6467,56.2527,127.7881,25.9922,0.1829,78.6667,76.1709,0.19,-0.2365,0.4265,361489325230.731,2.6352,0.0,0.07650579805957082,1.5103,75.80543272267845,-0.0069187677334134326
71,0.0035650661644961446,1395770,0.2720000000000004547473508865,0.2806183951524813670296700125,1.6148,57.2395,128.4805,26.6192,0.2522,69.6,76.1231,0.3148,-0.1262,0.4411,361489325230.731,2.6352,0.0,0.07650579805957082,1.5103,76.07616641097373,-0.00015992854547388586
72,0.016470960595924497,2614867.50,0.04799999999999954525264911354,0.3347991484297159342899807590,1.6423,61.5937,173.1349,28.0266,0.3809,78.6667,75.6444,0.5207,0.0032,0.5176,361489325230.731,2.6352,0.0,0.07650579805957082,1.5103,77.33959028968505,0.03181768006638799
73,0.003494470649773557,949230,0E+2,0.3880071784105428365994290968,1.6643,62.4755,148.8368,29.3556,0.4825,89.3333,79.2,0.7,0.1425,0.5575,361489325230.731,2.6352,0.0,0.07650579805957082,1.5103,77.61032397798031,-0.007308468478625968
74,-0.0017457089100232873,183193.6363636268969521777702,0.03174603174603221149184000410,0.3562447443647734559153562255,1.5847,61.7126,142.0163,30.6131,0.5086,97.3418,88.4473,0.8206,0.2781,0.5424,361489325230.731,2.6352,0.0,0.07650579805957082,1.5103,77.47495713383267,0.000657923326360479
75,-0.00818718023478714,-1081455.294117620759950261917,0.1428571428571415681764430656,0.3063078990641314420124349577,1.5322,58.1442,105.5139,31.1286,0.4862,94.1799,93.6183,0.8498,0.3925,0.4574,361489325230.731,2.6352,0.0,0.07650579805957082,1.5103,76.84324519447703,-0.004781628342052642
76,-0.001763150618380852,808249.9999999999999999999999,0.1666666666666662907181292275,0.2978258803865759419429189250,1.4764,57.3785,78.8425,30.9899,0.4796,88.6243,93.382,0.8511,0.4842,0.3669,361489325230.731,2.6352,0.0,0.07650579805957082,1.5103,76.70787835032938,0.006748399664982344
77,0.007617968279812609,1738409.130434805221308547542,0.06349206349206216729245537295,0.3363589870605898201012575913,1.453,59.846,83.903,31.1812,0.4321,87.5661,90.1235,0.8943,0.5662,0.328,361489325230.731,2.6352,0.0,0.07650579805957082,1.5103,77.2944680083025,0.01353845649693125
78,-0.006442189190800611,-519178.0000000107315827335696,0.1507936507936513128178215430,0.3034677295746995810064666724,1.4028,56.8471,74.1742,31.3587,0.3402,87.3016,87.8307,0.874,0.6278,0.2462,361489325230.731,2.6352,0.0,0.07650579805957082,1.5103,76.79812291309447,-0.0038945488595456337
79,0.010520260674179422,2132920,0.008264462809916889474061655832,0.3331963606815266032296732946,1.374,60.3486,79.6616,31.6912,0.2488,92.5817,89.1498,0.92,0.6862,0.2337,361489325230.731,2.6352,0.0,0.07650579805957082,1.5103,77.61032397798031,0.004654849337941119
80,0.005218915875791828,1655506.875000004010142218291,0.04273504273504267275540339600,0.4170367874961079474589049563,1.3902,62.0085,87.4058,32.4407,0.1752,93.2736,91.0523,0.9814,0.7452,0.2361,361489325230.731,2.6352,0.0,0.07650579805957082,1.5103,78.01642451042325,0.0014032267833482366
81,-0.0023161562178304553,523764.4444444485795224583269,0.1022727272727277865494990001,0.4442265212406704347548350176,1.3552,60.7905,84.1966,33.1366,0.1096,94.8909,93.582,1.0024,0.7967,0.2057,361489325230.731,2.6352,0.0,0.07650579805957082,1.5103,77.83593538489305,0.008527338558301746
82,0.020086758566737292,3281560,0,0.4794572280454383367541960292,1.4155,66.9146,119.2642,34.581,0.2043,95.1664,94.4436,1.147,0.8667,0.2802,361489325230.731,2.6352,0.0,0.07650579805957082,1.5103,79.41521523328218,-0.00048458504412033976
83,-0.005698021114637779,260288.8888888872449210737860,0.1,0.5479956096790128355861118116,1.4501,63.8462,110.64,35.9223,0.21,93.2576,94.4383,1.2073,0.9348,0.2725,361489325230.731,2.6352,0.0,0.07650579805957082,1.5103,78.96399241945672,-0.012326587926993988
84,0.005698021114637796,3649030,0E+45,0.6344058551314700281645254923,1.4965,65.5476,116.094,36.8498,0.2146,96.6667,95.0302,1.2807,1.004,0.2767,361489325230.731,2.6352,0.0,0.07650579805957082,1.5103,79.41521523328218,-0.005319060818286494
85,-0.0028449521322312507,647638.3333333329400216126926,0.06172839506172843838090143332,0.6782066287862812200691926382,1.5182,63.9277,118.5858,37.7111,0.2044,94.6091,94.8444,1.3037,1.064,0.2397,361489325230.731,2.6352,0.0,0.07650579805957082,1.5103,79.18960382636945,-0.0035398525838472934
86,-0.01434744840814154,-627120,0.3797468354430377014416654664,0.6359275384006016508011964692,1.5026,56.42,93.7366,38.5109,0.1895,85.2842,92.1866,1.2071,1.0926,0.1145,361489325230.731,2.6352,0.0,0.07650579805957082,1.5103,78.06154679180578,0.006313544966604919
87,0.00633825227636427,327293.3333333333333333333333,0.2714285714285722406202694401,0.6411120166712877510691707859,1.4524,58.7173,87.8388,39.2536,0.1966,76.2365,85.3766,1.1616,1.1064,0.0552,361489325230.731,2.6352,0.0,0.07650579805957082,1.5103,78.5578918870138,0.006962190221964515
88,0.01764919139683719,1971740,0E+45,0.5940962305920486313560290418,1.4666,64.4111,141.315,40.6818,0.2385,78.2942,79.9383,1.2363,1.1324,0.1039,361489325230.731,2.6352,0.0,0.07650579805957082,1.5103,79.95668260987274,-0.0046956095262273585
89,0.004504512121104729,1112390,0E+1,0.6639728840810506656136498437,1.4618,65.7249,151.4986,42.1909,0.2566,90.9524,81.8277,1.3127,1.1684,0.1442,361489325230.731,2.6352,0.0,0.07650579805957082,1.5103,80.31766086093312,0.00932467326305724
90,-0.011299555253933394,-22935.38461538327823007751176,0.2272727272727269791145720000,0.6361193858173052282008919941,1.4967,59.7831,106.1891,42.6082,0.2243,92.4242,87.2236,1.2778,1.1903,0.0875,361489325230.731,2.6352,0.0,0.07650579805957082,1.5103,79.41521523328218,-0.0018072549986960927
91,0.01073759963363763,714280,0.01249999999999928945726423990,0.6284497936649085085625603289,1.4683,63.1879,128.1077,42.9957,0.2274,92.0076,91.7947,1.3117,1.2146,0.0971,361489325230.731,2.6352,0.0,0.07650579805957082,1.5103,80.27253857955058,0.00269025345401521
92,-0.0028145247963102947,911582.6086956556399646857735,0.07499999999999928945726423990,0.6111885810898299468406725597,1.4456,61.7074,110.154,43.2614,0.1907,89.5076,91.3131,1.3033,1.2323,0.071,361489325230.731,2.6352,0.0,0.07650579805957082,1.5103,80.04692717263785,-0.007899851742552621
93,0.013994071081008363,1504350,0E+46,0.6181478231353227430965393704,1.4316,65.9973,158.3771,44.1202,0.2035,97.0833,92.8662,1.3816,1.2622,0.1194,361489325230.731,2.6352,0.0,0.07650579805957082,1.2536,81.17498420720152,0.008957272969102675
94,-0.0033407603454002135,478932.3529411978228645837081,0.06896551724137852179165274345,0.6230041458944285896070467492,1.3972,64.1401,138.7533,44.9176,0.2053,95.2011,93.9307,1.4033,1.2904,0.1129,361489325230.731,2.6352,0.0,0.07650579805957082,1.2536,80.90425051890624,0.005477496229759611
95,-0.002792517871673411,53305.00000000378754805296916,0.1325301204819268444536245631,0.6891255408341110183384445858,1.3403,62.5602,118.599,45.6581,0.1792,93.2835,95.1893,1.3844,1.3092,0.0752,361489325230.731,2.6352,0.0,0.07650579805957082,1.2536,80.6786391119935,0.004860879284983921
96,-0.004484312447328687,-759861.8181818269077057792414,0.2439024390243905820548415277,0.6702113731723294096765325474,1.3231,60.013,101.9699,46.5555,0.1856,85.1534,91.2127,1.3219,1.3117,0.0101,361489325230.731,2.6352,0.0,0.07650579805957082,1.2536,80.31766086093312,-0.006265698057909594
97,-0.00563381771825602,-302030.0000000053651305620407,0.3658536585365858730822622916,0.6178636676562219768440557539,1.3429,56.8947,56.5195,45.4888,0.1568,75.2571,84.5647,1.2179,1.293,-0.0751,361489325230.731,2.6352,0.0,0.07650579805957082,1.2536,79.86643804710765,-0.007094177546956148
98,-0.017094433359300068,-931510,0.7894736842105269062682014627,0.5980112833194533367253781617,1.3898,48.7164,-10.76,43.1811,0.0973,53.359,71.2565,1.0029,1.235,-0.232,361489325230.731,2.6352,0.0,0.07650579805957082,1.2536,78.51276960563125,-0.002597349742098113
99,0.01596385098901399,2023930,0.2831858407079633107845978828,0.5964249063238065374200561114,1.5798,55.1905,-62.0098,41.6421,0.0738,52.0496,60.2219,0.9348,1.1749,-0.2402,361489325230.731,2.6352,0.0,0.07650579805957082,1.2536,79.77619348434257,-0.013091842383949366
100,-0.012521506798041298,-329180.5263158009633531374845,0.4778761061946902877450931400,0.5307744896311783597004953420,1.6027,49.8641,-44.3343,40.2131,-0.0251,48.3155,51.2413,0.783,1.0965,-0.3136,361489325230.731,2.6352,0.0,0.07650579805957082,1.2536,78.78350329392653,0.0114847732477236
101,-0.023762346681930266,-1967070,0.8407079646017690656864606818,0.4271762509856098613789790592,1.6811,41.7728,-143.8596,39.6924,-0.1679,46.6077,48.9909,0.4916,0.9755,-0.484,361489325230.731,2.6352,0.0,0.07650579805957082,1.2536,76.93348975724211,-0.01732335975821836
102,0.014556297774207454,31957.36842105071940412752942,0.6194690265486719431373920814,0.3442464685556362559801454798,1.7146,47.3797,-110.2686,39.209,-0.216,35.3982,43.4405,0.3574,0.8519,-0.4945,361489325230.731,2.6352,0.0,0.07650579805957082,1.2536,78.06154679180578,0.005910274611690502
103,-0.01749315744751723,-301870,0.8849557522123884901962744019,0.3242488369857010093579019407,1.7135,42.1363,-158.0655,39.0601,-0.2846,21.8289,34.6116,0.1285,0.7072,-0.5787,361489325230.731,2.6352,0.0,0.07650579805957082,1.2536,76.70787835032938,-0.015848935410380825
104,0.01749315744751712,1361933.529411759451337687358,0.6194690265486719431373920814,0.2523161945569359540307894636,1.7126,48.2982,-111.8367,38.9219,-0.3257,29.2035,28.8102,0.0674,0.5793,-0.5119,361489325230.731,2.6352,0.0,0.07650579805957082,1.2536,78.06154679180578,-0.005081311746154363
105,-0.005215891280285238,676637.7551020323388988578111,0.6810344827586215134116139906,0.2489820684639608644170575208,1.7652,46.6918,-124.3841,39.2612,-0.3418,27.1514,26.0613,-0.0172,0.46,-0.4771,361489325230.731,2.6352,0.0,0.07650579805957082,1.2536,77.65544625936286,-0.016057834556246275
106,-0.020546657649738616,-928280,0.9827586206896561440239549633,0.2333777590133215202978528279,1.7963,40.983,-141.8048,39.5763,-0.4033,23.8913,26.7487,-0.2228,0.3234,-0.5462,361489325230.731,2.6352,0.0,0.07650579805957082,1.2536,76.07616641097373,-0.016992909319536034
107,0.03725692835575907,948370,0.4310344827586209008747728181,0.2595038751265987517068228094,1.8966,52.4351,-57.4316,38.5229,-0.3129,30.1724,27.0717,-0.1261,0.2335,-0.3596,361489325230.731,2.6352,0.0,0.07650579805957082,1.2536,78.96399241945672,0.015385472834063623
108,-0.011494379425735134,301186.6666666666666666666666,0.6034482758620692612246819453,0.1989321388492119173750807179,1.9754,49.2207,-68.6658,37.5824,-0.2501,32.7586,28.9408,-0.1287,0.1611,-0.2898,361489325230.731,2.6352,0.0,0.07650579805957082,1.2536,78.06154679180578,-0.008533069117243311
109,-0.03171140644979632,-1103353.548387098219317693607,0.9253731343283582406122849526,0.1003569762871188290429337319,2.0629,41.7747,-135.6911,37.5271,-0.2589,34.6715,32.5342,-0.3446,0.0599,-0.4046,361489325230.731,2.6352,0.0,0.07650579805957082,1.2536,75.62494359714826,-0.022978747640391255
110,0.004761913760243785,697386.6666666855437344767979,0.8548387096774185045534379562,0.1246364333155720901302951938,1.9905,43.1469,-136.1146,37.4759,-0.2448,20.5447,29.3249,-0.478,-0.0477,-0.4303,361489325230.731,2.6352,0.0,0.07650579805957082,1.2536,75.98592184820865,0.023260884398855545
111,-0.013150219386878692,-122215.0000000104206776541104,0.8676470588235306103445802182,0.08896617229666807507510554391,1.9912,40.3319,-155.8178,38.1578,-0.2576,11.738,22.3181,-0.6648,-0.1711,-0.4937,361489325230.731,2.6352,0.0,0.07650579805957082,1.2536,74.9932316577926,-0.007625689000437326
112,0.003603607503298618,542480.8695652352675172711134,0.8064516129032254367623643288,0.07500736296840176063105642251,1.9311,41.4538,-137.3466,38.791,-0.2875,15.7021,15.9949,-0.7796,-0.2928,-0.4868,361489325230.731,2.6352,0.0,0.07650579805957082,1.2536,75.2639653460879,0.003623874012338742
113,-0.03539112494018351,-1795340,1,-0.05633050891187654966113306009,2.0217,34.6682,-185.0731,40.2584,-0.3382,10.8634,12.7678,-1.092,-0.4526,-0.6394,361489325230.731,2.6352,0.0,0.07650579805957082,1.2536,72.64687302590018,-0.035455151613484524
114,0.030583423372080185,705700,0.6644295302013424098991461214,-0.04773932221076509784131728339,2.0559,43.2867,-139.3656,41.6211,-0.3191,17.6373,14.7343,-1.1249,-0.5871,-0.5378,361489325230.731,2.6352,0.0,0.07650579805957082,1.2536,74.90298709502751,0.027694837489102873
115,0.009592399691439508,1539560,0.5285714285714289774529918629,0.01096255974574119486923392183,2.0662,45.7529,-94.9097,41.8266,-0.3258,26.9,18.4669,-1.074,-0.6845,-0.3896,361489325230.731,2.6352,0.0,0.07650579805957082,1.2536,75.62494359714826,0.01749187517886215
116,-0.007786801849100584,3.640599920294772637357695656E-8,0.6214285714285706165225877027,0.03786151700981275449422603857,1.9972,44.0758,-81.643,42.0174,-0.3035,39.519,28.0188,-1.0738,-0.7623,-0.3115,361489325230.731,2.6352,0.0,0.07650579805957082,1.2536,75.03835393917517,0.0038264760917067994
117,0.00778680184910064,1560559.523809496476668757411,0.5285714285714289774529918629,0.1024698766594837460939867884,1.9295,46.1995,-59.2797,41.7928,-0.2974,44.0476,36.8222,-1.0095,-0.8118,-0.1978,361489325230.731,2.6352,0.0,0.07650579805957082,1.2536,75.62494359714826,-0.005778056476026477
118,-0.016240958482429364,-913110,0.7214285714285710225470081371,0.1031844344634401113283213503,1.8881,42.5827,-81.0557,41.8153,-0.2751,37.619,40.3952,-1.0554,-0.8605,-0.1949,361489325230.731,2.6352,0.0,0.07650579805957082,1.2536,74.40664199981951,-0.0011247649647863462
119,0.008454156633328743,794435.2941176541424969696217,0.6214285714285706165225877027,0.06234269711389694018374795366,1.814,44.9876,-69.875,41.8944,-0.2298,37.619,39.7619,-1.0234,-0.8931,-0.1303,361489325230.731,2.6352,0.0,0.07650579805957082,1.2536,75.03835393917517,0.014068957157245796
120,0.004200426217873012,1126707.241379319438564738066,0.5714285714285714285714285714,0.1164350530082076612710952292,1.788,46.201,-49.8735,41.1181,-0.2195,36.1905,37.1429,-0.9588,-0.9062,-0.0526,361489325230.731,2.6352,0.0,0.07650579805957082,1.2536,75.35420990885298,-0.001409194699020411
121,-0.01083695132987748,-1403530,0.7000000000000008120488408687,0.1401419638309632724803197570,1.7353,43.5415,-57.5872,40.3972,-0.1258,36.9048,36.9048,-0.969,-0.9188,-0.0502,361489325230.731,2.6352,0.0,0.07650579805957082,1.2536,74.54200884396714,0.0065658181006365175
122,-0.006071664068549795,-649210,0.7288135593220351230268355532,0.1142942649256112497108559771,1.6577,42.0919,-83.6446,40.0947,-0.0579,33.3253,35.4735,-1.0059,-0.9362,-0.0697,361489325230.731,2.6352,0.0,0.07650579805957082,1.2536,74.09078603014167,-0.01668138410506803
123,0.03235752633947478,1119580,0E+46,0.1627634572627402113567376523,1.7322,51.4849,6.6647,37.4075,0.0175,52.3729,40.8676,-0.8079,-0.9105,0.1026,361489325230.731,2.6352,0.0,0.07650579805957082,1.2536,76.5273892247992,-0.03671832936230786
124,-0.00947874395454377,487543.1578947328640736932634,0.1860465116279064387453596192,0.1354927602124715513366054435,1.7192,48.9513,8.3716,34.9122,0.0788,69.5047,51.7343,-0.7074,-0.8699,0.1625,361489325230.731,2.6352,0.0,0.07650579805957082,1.2536,75.80543272267845,0.030155309687736595
125,-0.009569451016150672,-2315870,0.3720930232558128774907192384,0.02158881462473253245699832747,1.6535,46.4876,-8.4874,32.6436,0.0819,81.3953,67.7576,-0.6844,-0.8328,0.1484,361489325230.731,2.6352,0.0,0.07650579805957082,1.2536,75.08347622055771,0.007300938198555047
126,0.009569451016150672,1842934.799999970068938637269,0.1860465116279064387453596192,0.1016164262623583925800557302,1.6247,49.2389,29.1971,30.5518,0.1173,75.1938,75.3646,-0.5948,-0.7852,0.1904,361489325230.731,2.6352,0.0,0.07650579805957082,1.2536,75.80543272267845,0.01793941440899381
127,0.004750602758597799,696320.0000000164921705921493,0.09638554216867284224571872814,0.09373019670102408333084303853,1.5515,50.6063,82.4602,28.6611,0.0658,78.1825,78.2572,-0.4859,-0.7254,0.2394,361489325230.731,2.6352,0.0,0.07650579805957082,1.2536,76.16641097373883,0.005721470466397093
128,-0.027020557118634356,-1289620,0.8281249999999965999419870855,0.04528653078096324635968035131,1.605,43.5067,-40.4595,27.9599,0.0154,62.9814,72.1192,-0.5746,-0.6952,0.1206,361489325230.731,2.6352,0.0,0.07650579805957082,1.2536,74.13590831152423,-0.01277604627045231
129,-0.004269600874575769,-1380960,1,0.03729598173804396136855992929,1.6082,42.5077,-101.6985,27.5713,-0.0149,35.8496,59.0045,-0.6654,-0.6892,0.0239,361489325230.731,2.6352,0.0,0.07650579805957082,1.2536,73.82005234184639,-0.0062836268147624585
130,0.012754500263870509,1184914.782608681871180091623,0.6500000000000009473903143468,0.05269299781344396095189718081,1.579,46.4782,-66.4223,27.2105,-0.0279,17.3958,38.7423,-0.6452,-0.6804,0.0353,361489325230.731,2.6352,0.0,0.07650579805957082,1.2536,74.76762025087987,0.013134594563619184
131,0.0018088639240260308,751000,0.5999999999999990526096856532,0.08042979775537277031279535674,1.5234,47.0409,-40.3909,26.8755,-0.0138,25.0,26.0818,-0.61,-0.6663,0.0563,361489325230.731,2.6352,0.0,0.07650579805957082,1.2536,74.90298709502751,0.021233346203523316
132,-0.0042257835295647014,-673767.9999999856377712603717,0.7166666666666638244957236263,0.04359757384164424103956577235,1.486,45.8302,-14.4928,25.8499,-0.0508,34.4444,25.6134,-0.6035,-0.6538,0.0503,361489325230.731,2.6352,0.0,0.07650579805957082,1.2536,74.5871311253497,-0.000237489995750648
133,0.0030202378742160843,223442.0,0.6333333333333304911623902929,0.1093445640589171147967443411,1.4691,46.8818,-40.1917,25.2731,-0.0584,35.0,31.4815,-0.5715,-0.6373,0.0658,361489325230.731,2.6352,0.0,0.07650579805957082,1.2536,74.81274253226243,-0.004984154683199835
134,0.0036122856859135658,9054164.999999973194286795326,0.5333333333333314385527046397,0.2764505258587922986885512133,1.4785,48.1819,-49.5075,25.0523,-0.0447,37.2222,35.5556,-0.516,-0.6131,0.097,361489325230.731,2.6352,0.0,0.07650579805957082,1.2536,75.08347622055771,0.010089470916743028
135,-0.010876240144138799,-1023650,0.8333333333333333333333333333,0.2188251994926841972643699245,1.4586,44.6512,-60.1504,24.7057,-0.0852,33.3333,35.1852,-0.5385,-0.5981,0.0597,361489325230.731,2.6352,0.0,0.07650579805957082,1.2536,74.27127515567186,-0.010189673089445917
136,-0.001215805620889878,-1583240,0.8666666666666647718860379731,0.1843037236910978977542188940,1.4473,44.2631,-64.3905,24.4818,-0.1436,25.5556,32.037,-0.5579,-0.5901,0.0322,361489325230.731,2.6352,0.0,0.07650579805957082,1.2536,74.18103059290678,0.007153900383783793
137,0.0156913297946756,1030240,0.3703703703703699804978130260,0.1752682145919669633793436371,1.4368,50.3099,26.3825,24.2738,-0.0764,30.9877,29.9588,-0.463,-0.5647,0.1016,361489325230.731,2.6352,0.0,0.07650579805957082,1.2536,75.35420990885298,0.009098658072593717
138,-0.0029985029962565574,576520.0000000036012492133661,0.4629629629629624756222662825,0.2113288004609490024770953262,1.427,49.2043,-8.3898,24.5414,-0.0369,43.3333,33.2922,-0.4034,-0.5324,0.129,361489325230.731,2.6352,0.0,0.07650579805957082,1.2536,75.12859850194025,-0.0029083315900003065
139,0.004195391230102614,477588.8888888587246830506902,0.3333333333333350877598413830,0.2037182821317273093829560166,1.3572,50.8333,61.436,24.5277,-0.0105,61.1111,45.144,-0.3242,-0.4908,0.1666,361489325230.731,2.6352,0.0,0.07650579805957082,1.2536,75.44445447161807,0.005164694677485947
140,0.0,362463.9999999793963070260361,0.3333333333333350877598413830,0.1896048623343581663158184610,1.296,50.8333,59.0672,24.4245,0.0404,62.3457,55.5967,-0.2584,-0.4443,0.1859,361489325230.731,2.6352,0.0,0.07650579805957082,1.2536,75.44445447161807,0.005292139806701735
141,-0.008408457949406553,-671340,0.5849056603773561634057782154,0.2120801163992454698171111920,1.2677,47.3139,10.0071,24.7205,0.0864,58.2809,60.5792,-0.2597,-0.4074,0.1476,361489325230.731,2.6352,0.0,0.07650579805957082,1.2536,74.81274253226243,-0.003657360126988977
142,-0.0012070007500353387,-759616.6666666618689768492240,0.5,0.2054248281395735648934270353,1.2414,46.8153,-29.8697,25.3106,0.0619,52.7254,57.784,-0.2658,-0.3791,0.1133,361489325230.731,2.6352,0.0,0.07650579805957082,1.2536,74.72249796949733,0.006691867013746207
143,0.0012070007500352875,-487794.4444444136356623071883,0.4499999999999957367435854394,0.1657176352056307231922965810,1.1849,47.4121,-22.1387,25.8586,0.0258,48.8365,53.2809,-0.2596,-0.3552,0.0956,361489325230.731,2.6352,0.0,0.07650579805957082,1.2536,74.81274253226243,-0.0003400616304791625
144,-0.005443013135641414,-2790570,0.6749999999999971578290569596,0.07827103111516760790580623347,1.161,44.9666,-59.6698,26.7367,0.0067,45.8333,49.1317,-0.2876,-0.3417,0.054,361489325230.731,2.6352,0.0,0.07650579805957082,1.2536,74.40664199981951,-0.006880539799003531
145,0.006648558790989991,129705.7894736764495573476585,0.3999999999999985789145284798,0.1428430067385551107862788064,1.1459,48.4654,-16.7398,27.3233,0.01,49.1667,47.9455,-0.2624,-0.3258,0.0634,361489325230.731,2.6352,0.0,0.07650579805957082,1.2536,74.90298709502751,-0.00582007010763317
146,0.006006024060211949,489120,0.1499999999999985789145284798,0.1284497529004461615157436443,1.1105,51.485,61.4788,27.6332,0.016,59.1667,51.3889,-0.1998,-0.3006,0.1008,361489325230.731,2.6352,0.0,0.07650579805957082,1.2536,75.35420990885298,0.012742227033381862
147,-0.003599284029646873,207215.7142857311126423452633,0.2999999999999971578290569596,0.1125295915841089561924075419,1.0812,49.6069,61.4254,27.9841,0.018,71.6667,60.0,-0.1724,-0.275,0.1025,361489325230.731,2.6352,0.0,0.07650579805957082,1.2536,75.08347622055771,-0.008007949845515418
148,-0.009661910911736859,-279072.8571428470708220246007,0.8235294117646994899269447188,0.1449755112056190907420631009,1.0825,44.9027,-100.9901,29.0969,0.0057,57.549,62.7941,-0.2128,-0.2626,0.0497,361489325230.731,2.6352,0.0,0.07650579805957082,1.2536,74.36151971843697,-0.007980726054270281
149,0.0054463069571458736,599890.9090908959159669619056,0.4750000000000014210854715202,0.2088685002138220213629362637,1.0838,47.8958,-115.8134,30.4128,-0.0199,46.7157,58.6438,-0.2062,-0.2513,0.0451,361489325230.731,2.6352,0.0,0.07650579805957082,1.2536,74.76762025087987,0.003391782916974368
150,-0.01642872362575479,-782750,1,0.1524132981299891754983528051,1.1278,40.7448,-210.2548,31.6347,-0.0898,23.3824,42.549,-0.3063,-0.2623,-0.044,361489325230.731,2.6352,0.0,0.07650579805957082,1.2536,73.54931865355111,0.0013839747255664741
151,0.00672579728928284,-1.428170597656773484135750907E-8,0.7608695652173922445745085672,0.1290032401805675663603693533,1.1115,44.3878,-180.6989,32.7693,-0.098,25.471,31.8564,-0.3373,-0.2773,-0.0601,361489325230.731,2.6352,0.0,0.07650579805957082,1.2536,74.04566374875913,0.003556425915385143
152,-0.0006095702718467005,-575040,0.7826086956521736444072832665,0.1332311126705966192434797476,1.075,44.1222,-126.9451,33.2418,-0.1096,15.2174,21.3569,-0.3618,-0.2942,-0.0676,361489325230.731,2.6352,0.0,0.07650579805957082,1.2536,74.00054146737658,0.005228323251784834
153,-0.020949626311537142,-4510612.173913054879385148633,0.9859154929577472682085539093,-0.01529181359522426510553524096,1.1625,36.1935,-265.5367,35.1611,-0.1526,15.6869,18.7918,-0.5125,-0.3379,-0.1746,361489325230.731,2.6352,0.0,0.07650579805957082,1.2536,72.46638390036999,0.0006801943633556942
154,0.0018662524856762341,-1220535.333333344007087362115,0.9436619718309850697765493829,-0.4423995887498205904689500566,1.1402,37.2647,-241.1348,36.9434,-0.1769,9.5938,13.4994,-0.6127,-0.3928,-0.2199,361489325230.731,2.6352,0.0,0.07650579805957082,1.2536,72.60175074451764,-0.010244555201469663
155,-0.0018662524856762606,-1463152.307692322232618790788,0.9696969696969713933986345053,-0.4474654967072789255658162194,1.1516,36.6029,-188.9698,37.7578,-0.2147,3.3575,9.5461,-0.6963,-0.4535,-0.2427,361489325230.731,2.6352,0.0,0.07650579805957082,1.2536,72.46638390036999,0.007055292600876788
156,0.014219714095338204,1152360,0.6212121212121208858848779798,-0.3445720670472847097267183103,1.1515,44.7099,-124.079,38.5141,-0.2115,15.5143,9.4885,-0.662,-0.4952,-0.1668,361489325230.731,2.6352,0.0,0.07650579805957082,1.2536,73.50419637216858,0.002703251234465157
157,-0.004923086866369126,-1515540,0.7424242424242439249295612931,-0.4389660408994731282838151678,1.1478,42.6662,-81.5678,37.6732,-0.2105,22.2222,13.698,-0.6596,-0.5281,-0.1315,361489325230.731,2.6352,0.0,0.07650579805957082,1.2536,73.14321812110819,-0.004220096660604678
158,-0.0006170935092462916,873629.9999999779288373247255,0.7575757575757582282302440405,-0.4207405093991356349761996886,1.1194,42.4053,-112.4856,37.5575,-0.2177,29.2929,22.3431,-0.6541,-0.5533,-0.1008,361489325230.731,2.6352,0.0,0.07650579805957082,1.2536,73.09809583972564,0.00537147416431282
159,-0.006191970247921107,-972410,0.9090909090909098738762928486,-0.4753226383044737195135435111,1.0823,39.785,-110.1695,37.4502,-0.2146,19.697,23.7374,-0.6823,-0.5791,-0.1032,361489325230.731,2.6352,0.0,0.07650579805957082,1.2536,72.64687302590018,0.002919211691691958
160,0.012345835822299362,584386.6666666666666666666666,0.6060606060606065825841952324,-0.4517942814136624870574947789,1.0943,46.8577,-48.3486,36.1018,-0.1555,24.2424,24.4108,-0.6168,-0.5866,-0.0302,361489325230.731,2.6352,0.0,0.07650579805957082,1.2536,73.54931865355111,0.010857245032592137
161,0.012195273093818206,403241.0344827676538321280666,0.2333333333333342807236476801,-0.3963881232969245505412599562,1.1268,52.825,33.1263,34.0323,-0.0689,41.7172,28.5522,-0.4787,-0.565,0.0864,361489325230.731,2.6352,0.0,0.07650579805957082,1.2536,74.45176428120205,-0.015155104014027846
162,-0.017732045158950195,-3226820,0.7605633802816915503724176951,-0.4552314514769293583675855339,1.2392,44.9443,1.5264,32.8513,-0.047,46.6681,37.5426,-0.4807,-0.5482,0.0675,361489325230.731,2.6352,0.0,0.07650579805957082,1.2536,73.14321812110819,-0.006413571835287313
163,0.032769922523490785,3389811.176470596954228803762,0.07792207792207729889994502403,-0.2884722178292802013628031014,1.3649,57.6222,100.708,32.0435,0.0727,64.2727,50.886,-0.2614,-0.4908,0.2294,361489325230.731,2.6352,0.0,0.07650579805957082,1.2536,75.57982131576571,0.03095564852282504
164,0.011279430952833031,1209962.727272722806596226472,0.04255319148936228111223375653,-0.1717183897158274044634829467,1.3496,61.0231,192.4466,32.0224,0.1712,70.632,60.5243,-0.0108,-0.3948,0.384,361489325230.731,2.6352,0.0,0.07650579805957082,1.2536,76.43714466203411,-0.002275182739521565
165,0.0005901446025509776,-3967630,0.1165048543689311279685921069,-0.2727321749384325258811338002,1.2996,61.1996,198.4197,32.3395,0.2752,92.1007,75.6685,0.1896,-0.2779,0.4675,361489325230.731,2.6352,0.0,0.07650579805957082,1.2536,76.48226694341665,-0.005487876285878494
166,0.008810629682154906,1404870,0E+46,-0.2404731647534298331962022766,1.2604,63.8442,193.6697,32.7437,0.387,94.6981,85.8103,0.4043,-0.1415,0.5458,361489325230.731,2.6352,0.0,0.07650579805957082,1.2536,77.15910116415485,0.016024726804275503
167,-0.005865119452398134,-4349600,0.09433962264150948455270457530,-0.3393661674378848816905928670,1.2061,60.8657,159.1977,33.119,0.4132,92.9719,93.2569,0.528,-0.0076,0.5356,361489325230.731,2.6352,0.0,0.07650579805957082,1.2536,76.70787835032938,0.004216288318842985
168,0.011696039763191236,5311210,0E+46,-0.1752106505537725301266429361,1.1949,64.439,153.2757,33.8805,0.4522,96.8553,94.8418,0.6987,0.1337,0.565,361489325230.731,2.6352,0.0,0.07650579805957082,1.2536,77.61032397798031,0.000879911539062768
169,-0.0023282897595911845,-1070857.272727278402908018068,0.1729323308270683761406608275,-0.2038481838604468953601523347,1.2274,63.1962,139.5188,35.1813,0.4562,91.0909,93.6394,0.8085,0.2686,0.5399,361489325230.731,2.6352,0.0,0.07650579805957082,1.2536,77.42983485245013,0.006419960584542983
170,0.002328289759591168,-992573.3333333568421923903065,0.1450381679389317945640014639,-0.2052664713615777454576725553,1.1897,63.9451,121.8748,36.3891,0.4796,89.401,92.4491,0.9013,0.3952,0.5061,361489325230.731,2.6352,0.0,0.07650579805957082,1.2536,77.61032397798031,0.00422567077946804
171,-0.012873202936206033,-2167140,0.3129770992366409232615991217,-0.2442235188761427978682803532,1.2155,57.0671,84.0405,35.8498,0.4384,78.9684,86.4868,0.8759,0.4913,0.3846,361489325230.731,2.6352,0.0,0.07650579805957082,1.2536,76.6176337875643,0.002004272069009071
172,0.0011771631730148311,-99951.11111110479826347278662,0.3023255813953491446372031412,-0.2327324791137604754811223090,1.1929,57.5145,63.372,34.9159,0.3814,74.6553,81.0082,0.8541,0.5639,0.2902,361489325230.731,2.6352,0.0,0.07650579805957082,1.2536,76.70787835032938,-0.003028493554900786
173,-0.0035356548323077553,0,0.3781512605042015000385672808,-0.1504729824319165336972026742,1.1434,55.6413,46.5257,33.903,0.2819,66.8849,73.5029,0.8033,0.6118,0.1915,361489325230.731,2.6352,0.0,0.07650579805957082,1.2536,76.43714466203411,-0.010767525924819957
174,0.003535654832307797,292852.5000000052021054131046,0.3305084745762713497369114071,-0.1171909821031996203590967048,1.1189,57.1445,49.1663,33.3406,0.2054,66.3005,69.2802,0.7783,0.6451,0.1332,361489325230.731,2.6352,0.0,0.07650579805957082,1.2536,76.70787835032938,0.005608561374742796
175,0.023256862164267183,2414536.666666660725085753328,0.07751937984496120615142187320,-0.02803792698952247205508101747,1.2176,65.5305,102.3911,34.3161,0.2036,73.794,68.9931,0.9094,0.6979,0.2114,361489325230.731,2.6352,0.0,0.07650579805957082,1.2536,78.51276960563125,-0.003031299253610379
176,-0.0005748778542916635,939388.6666666748817533516560,0.09166666666666619297150949327,-0.03258948319547449097757107281,1.2377,65.1871,92.571,35.222,0.1329,83.3435,74.4793,0.9977,0.7579,0.2398,361489325230.731,2.6352,0.0,0.07650579805957082,1.2536,78.46764732424872,-0.010066891244539617
177,0.0,2947036.800000006979985300858,0.1486486486486477663092397428,0.05995764992422799996897660721,1.3279,65.1871,74.7755,34.6391,0.1252,89.4055,82.181,1.0556,0.8174,0.2381,361489325230.731,2.6352,0.0,0.07650579805957082,1.2536,78.46764732424872,-0.014498830231548911
178,0.012003573677914402,1650888.0,0.125,0.07393199030675726239466142264,1.4116,69.1276,130.9587,34.9972,0.1647,87.8228,86.8573,1.1726,0.8885,0.2842,361489325230.731,2.6352,0.0,0.07650579805957082,1.2536,79.41521523328218,0.007246843491976594
179,0.033522692038643644,4255128.947368429539511475861,0.04411764705882312988513992728,0.1638912245523980934983692748,1.5465,77.1024,245.6566,36.4403,0.2771,89.4078,88.8787,1.4903,1.0088,0.4815,361489325230.731,2.6352,0.0,0.07650579805957082,1.2536,82.12255211623498,0.011015643835772458
180,0.004385971943254268,2368073.750000018028045722929,0.007194244604316134875076832818,0.1932504069651815506602721756,1.4932,77.9213,244.2593,37.8272,0.3982,94.1229,90.4512,1.7541,1.1579,0.5962,361489325230.731,2.6352,0.0,0.07650579805957082,1.2536,82.48353036729537,0.002641010567323342
181,0.02271595783453687,3434050,0,0.2402816388045845404865407859,1.5472,81.6349,247.3686,39.6741,0.5369,98.2896,93.9401,2.1083,1.348,0.7603,361489325230.731,2.6352,0.0,0.07650579805957082,1.2536,84.37866618536232,0.018846182494060656
182,0.015389000963653674,2320780,0E+46,0.3427025124434938483030418690,1.5832,83.6765,227.0572,41.6979,0.7126,99.7602,97.3909,2.4775,1.5739,0.9036,361489325230.731,2.6352,0.0,0.07650579805957082,1.2536,85.68721234545619,0.007525317134555085
183,0.008912247718519981,2921040,0E+46,0.3436029207934855167684163004,1.5951,84.7469,195.0118,43.7367,0.8667,100.0,99.3499,2.8063,1.8203,0.9859,361489325230.731,2.6352,0.0,0.07650579805957082,1.2536,86.45429112895947,0.006126227131658318
184,-0.042105873315680206,-1313256.153846156456292644217,0.3495575221238941447498385259,0.2994504321151863128032470137,1.7847,63.8067,115.2416,43.4263,0.8705,88.3481,96.0361,2.7168,1.9996,0.7172,361489325230.731,2.6352,0.0,0.07650579805957082,1.2536,82.88963089973828,-0.008907184657441461
185,-0.005458528837118989,569170.3030302972631754120704,0.3938053097345136249055709365,0.4040544936446869818214273206,1.7822,61.7275,63.5757,42.1256,0.7981,75.2212,87.8564,2.5758,2.1149,0.461,361489325230.731,2.6352,0.0,0.07650579805957082,1.2536,82.43840808591281,-0.005987508479172312
186,0.015748356968139112,650570,0.2654867256637168809343944641,0.3952077537925333206855509586,1.7871,65.2627,77.1222,41.3103,0.7421,66.3717,76.647,2.5517,2.2022,0.3495,361489325230.731,2.6352,0.0,0.07650579805957082,1.2536,83.74695424600667,0.006957795548842753
187,-0.008658062743114541,-112716.3636363658206307286304,0.3362831858407077976640138397,0.5199258410193560382569923737,1.7416,61.8673,67.727,40.5532,0.619,66.8142,69.469,2.4399,2.2498,0.1902,361489325230.731,2.6352,0.0,0.07650579805957082,1.2536,83.02499774388592,-0.005496709642313653
188,-0.01037977087542343,0.0,0.4203539823008850614794579015,0.4367892909203181661666934189,1.7386,58.0078,40.5556,38.9284,0.4466,65.9292,66.3717,2.2488,2.2496,-0.0008,361489325230.731,2.6352,0.0,0.07650579805957082,1.2536,82.16767439761753,0.0034058982779894935
189,0.0005489980922957414,-733628.8235294162248096795984,0.4159292035398233649834371419,0.4613378158396731678782315293,1.7358,58.1558,44.4397,37.7263,0.3149,60.9145,64.5526,2.0774,2.2151,-0.1378,361489325230.731,2.6352,0.0,0.07650579805957082,1.2536,82.21279667900008,-0.0023917539416421986
190,-0.016602484285027842,-1529330,0.5486725663716818054506343739,0.4481043014599771014548510973,1.719,52.2122,11.7992,35.8429,0.1208,53.8348,60.2262,1.7997,2.1321,-0.3323,361489325230.731,2.6352,0.0,0.07650579805957082,1.2536,80.85912823752368,-0.006891890020822681
191,0.013303965626362886,1193400,0.5102040816326532091925730446,0.5407167066677004529462992761,1.7962,56.0794,1.7214,33.3636,-0.0508,50.8398,55.1964,1.6574,2.0371,-0.3797,361489325230.731,2.6352,0.0,0.07650579805957082,1.2536,81.9420629907048,-0.002574777261259915
192,-0.013303965626362815,176538.9999999899649196777316,0.7948717948717955258118540856,0.5361380304127775808290705754,1.8322,51.5839,-13.3753,31.0613,-0.2389,38.2084,47.6277,1.4313,1.916,-0.4846,361489325230.731,2.6352,0.0,0.07650579805957082,1.2536,80.85912823752368,0.00028839736412433666
193,-0.002234637801416154,-1100921.612903224845159011134,0.8205128205128197186570343247,0.5036624209429904862493167006,1.812,50.8523,-16.2469,28.8774,-0.3409,29.147,39.3984,1.2219,1.7772,-0.5552,361489325230.731,2.6352,0.0,0.07650579805957082,1.2536,80.6786391119935,0.016139191470835482
194,0.016639319003964724,1041540,0.6282051282051273408914785298,0.5229324161499288595783085505,1.7897,55.9041,-4.6773,26.9698,-0.3798,25.2137,30.8564,1.1636,1.6544,-0.4909,361489325230.731,2.6352,0.0,0.07650579805957082,1.2536,82.0323075534699,0.0024210113402378494
195,0.006032373653441534,528570,0.5576923076923071667583315384,0.5294335160482203187633283800,1.7512,57.624,10.4961,25.5323,-0.3315,33.1197,29.1601,1.1485,1.5532,-0.4048,361489325230.731,2.6352,0.0,0.07650579805957082,1.2536,82.52865264867792,-0.00673910493014001
196,-0.004932868320024699,1073810,0.6153846153846152444688884102,0.5330966158116224553035676558,1.8368,55.7094,-35.2652,24.2667,-0.2393,39.9573,32.7635,1.0877,1.4601,-0.3725,361489325230.731,2.6352,0.0,0.07650579805957082,1.2536,82.12255211623498,-0.012402097560077374
197,0.0,4813410,0.4472361809045227709597251253,0.5565775796304649980729094744,2.0985,55.7094,-96.8468,24.4532,-0.1018,45.9896,39.6888,1.0276,1.3736,-0.346,361489325230.731,2.6352,0.0,0.07650579805957082,1.2536,82.12255211623498,-0.010713312756140155
198,-0.013274531208696188,-493400.0000000070116357164802,0.4109589041095892010980076773,0.5064461567011115364112598086,2.0914,50.5182,-69.3362,24.6265,-0.1076,50.8807,45.6092,0.8732,1.2735,-0.4004,361489325230.731,2.6352,0.0,0.07650579805957082,1.2536,81.03961736305386,-0.03588469228060816
199,0.0022246950221111086,220154.6511627901156119511531,0.3835616438356161983529884841,0.4437583458161920386136657607,2.0956,51.3322,-68.6901,24.8696,-0.1152,58.6081,51.8261,0.7581,1.1705,-0.4123,361489325230.731,2.6352,0.0,0.07650579805957082,1.2536,81.22010648858405,0.012229400748313149
200,0.0088496152769826,1055600.526315780860678057360,0.2689655172413797023684059366,0.4176309636196153991247237719,2.0174,54.5527,-29.4985,25.0567,-0.0462,64.5505,58.0131,0.7232,1.081,-0.3578,361489325230.731,2.6352,0.0,0.07650579805957082,1.2536,81.9420629907048,0.003215566953157401
201,0.03250557040493131,2928120,0E+46,0.4091471537287583055142069164,2.0911,64.1366,83.895,23.3833,0.091,78.2491,67.1359,0.9269,1.0502,-0.1233,361489325230.731,2.6352,0.0,0.07650579805957082,1.2536,84.6493998736576,0.01065149966042778
202,-0.019376278963138607,-1506190,0.2168674698795178041209010050,0.3061337887855522830222548017,2.0703,56.4453,85.9738,21.8294,0.1375,83.8056,75.535,0.9323,1.0266,-0.0943,361489325230.731,2.6352,0.0,0.07650579805957082,1.2536,83.02499774388592,0.00231964715401458
203,0.009735068770752633,-442409.9999999685648788272379,0.1084337349397580459848652494,0.2142335903756692070272969122,2.0225,59.0872,127.2338,20.3865,0.2071,89.1566,83.7371,0.9978,1.0208,-0.0231,361489325230.731,2.6352,0.0,0.07650579805957082,1.2536,83.83719880877177,0.012184639651249496
204,-0.024517708618932797,-997607.9999999862527395386921,0.3795180722891557291737841323,0.2231142352319877801835364783,2.078,50.7925,21.2095,20.3429,0.1552,76.506,83.1561,0.8582,0.9883,-0.1301,361489325230.731,2.6352,0.0,0.07650579805957082,1.2536,81.80669614655717,-0.005926368397437132
205,0.030955499093781223,2823515.151515141787984580762,0.04761904761904826353082608626,0.2701416748156351597784546785,2.1653,58.701,109.2428,19.6435,0.2196,82.1476,82.6034,0.9664,0.9839,-0.0175,361489325230.731,2.6352,0.0,0.07650579805957082,1.2536,84.37866618536232,0.0007560922069911944
206,0.013807972966334816,2923080,0E+46,0.3140565140933753506358229964,2.2178,61.7229,165.5227,18.47,0.2697,85.7621,81.4719,1.1438,1.0159,0.1279,361489325230.731,2.6352,0.0,0.07650579805957082,1.2536,85.55184550130853,0.006147004036659241
207,-0.01916991610772017,102573.1578947383764760468646,0.1935483870967739470888880471,0.3064584075160885574535424850,2.3308,55.6509,104.9118,17.8414,0.2389,91.9611,86.6236,1.1263,1.038,0.0883,361489325230.731,2.6352,0.0,0.07650579805957082,1.2536,83.92744337153685,-0.01522301020227391
208,0.0005374899350037816,45366.66666666402174724548515,0.1881720430107527456792594557,0.3098482686809597688774499651,2.3036,55.7811,96.3513,17.2578,0.2432,87.276,88.3331,1.1036,1.0511,0.0525,361489325230.731,2.6352,0.0,0.07650579805957082,1.2536,83.9725656529194,0.014016813271865517
209,0.010157799181744144,2620160,0.08602150537634380670073978676,0.3810939039830206251220030508,2.2997,58.2855,95.042,16.8781,0.2833,84.4086,87.8819,1.1491,1.0707,0.0784,361489325230.731,2.6352,0.0,0.07650579805957082,1.2536,84.82988899918779,0.008863915244601946
210,0.00636269378782865,885870,0.02150537634408633368740847362,0.4476611196207746717327638264,2.2498,59.8329,116.5838,16.1147,0.3145,90.1434,87.276,1.2195,1.1005,0.119,361489325230.731,2.6352,0.0,0.07650579805957082,1.2536,85.37135637577835,-0.008262707420742678
211,-0.026782532796571397,-2370290,0.4500000000000004736951571734,0.3482381613072890402669450907,2.2676,51.295,57.4137,15.9193,0.2585,81.4158,85.3226,1.0613,1.0926,-0.0313,361489325230.731,2.6352,0.0,0.07650579805957082,1.2536,83.11524230665101,-0.009795512721541735
212,-0.004352563998841886,-339333.3333333342518508000050,0.5166666666666657192763523199,0.3384984586109364167046704886,2.2557,50.064,5.4759,16.3511,0.1466,67.0609,79.54,0.8934,1.0528,-0.1594,361489325230.731,2.6352,0.0,0.07650579805957082,1.2536,82.75426405559065,-0.006701573773060695
213,0.0032661977866211022,40469.52380952161864181618836,0.5894736842105257174376962020,0.3735703402361573991153239550,2.1695,51.0135,6.2305,16.752,0.0415,48.1287,65.5351,0.7756,0.9974,-0.2218,361489325230.731,2.6352,0.0,0.07650579805957082,1.2536,83.02499774388592,0.017938512264309446
214,-0.012028575865607146,-431920,0.8297872340425508755510649739,0.3419671518897829501346684213,2.0932,47.4509,-35.6474,17.4033,-0.0774,35.4691,50.2196,0.5867,0.9152,-0.3285,361489325230.731,2.6352,0.0,0.07650579805957082,1.2536,82.0323075534699,-0.00917406473512147
215,0.03353478108657068,520410,0.1702127659574461008628254087,0.3418309018313432646088422665,2.1651,56.641,55.3657,16.5347,-0.0092,47.0175,43.5384,0.6793,0.8681,-0.1887,361489325230.731,2.6352,0.0,0.07650579805957082,1.2536,84.82988899918779,0.010104916324622586
216,0.008474626990972236,604564.3478260799252164804522,0.03092783505154750940934097667,0.3320800490543770802727740215,2.0926,58.6507,128.9264,15.5606,0.0215,65.6357,49.3741,0.808,0.856,-0.0481,361489325230.731,2.6352,0.0,0.07650579805957082,1.2536,85.55184550130853,0.004360002230483007
217,0.00840341079637938,1346395.272727266479622895448,0.02654867256637266078409815786,0.2659618321186842472899785003,2.1395,60.6166,141.1418,14.656,0.0925,92.4104,68.3545,0.9634,0.8775,0.0859,361489325230.731,2.6352,0.0,0.07650579805957082,1.2536,86.27380200342928,0.00657410243734187
218,-0.036755135941523145,-1548786.206896539255659045919,0.6990291262135903576966159598,0.2423573444282308850071083705,2.2367,49.6531,30.4569,13.9779,-0.0211,74.7831,77.6097,0.7989,0.8618,-0.0629,361489325230.731,2.6352,0.0,0.07650579805957082,1.2536,83.16036458803357,-0.029320384187343892
219,-0.012008877942215368,-770589.0000000048669903662812,0.9690721649484553300429775035,0.2205794949828493399033545358,2.1591,46.7498,-110.8443,13.9813,-0.0788,43.5117,70.2351,0.5732,0.8041,-0.2308,361489325230.731,2.6352,0.0,0.07650579805957082,1.2536,82.16767439761753,-0.011488487614101834
220,0.020114839646176042,1338830,0.5876288659793809599879361394,0.2322356321918875589818650277,2.1406,51.8492,-49.7985,13.3648,-0.03,24.809,47.7013,0.5374,0.7507,-0.2133,361489325230.731,2.6352,0.0,0.07650579805957082,1.2536,83.83719880877177,0.007094230636602267
221,-0.0010770060276380602,594304.7619047635134435481870,0.6082474226804136700324216254,0.1710896825804817936381370587,2.1377,51.5617,-29.5871,12.4962,-0.0351,27.8351,32.0519,0.4953,0.6997,-0.2043,361489325230.731,2.6352,0.0,0.07650579805957082,1.2536,83.74695424600667,-0.0008295173193003962
222,-0.0032379952737753384,-424691.8604651151562354738976,0.6701030927835059400196037735,0.2069933104573766467949903551,2.1386,50.6545,-5.2833,11.9043,-0.0462,37.8007,30.1482,0.4327,0.6463,-0.2135,361489325230.731,2.6352,0.0,0.07650579805957082,1.2536,83.47622055771139,-0.010557231212482353
223,0.02350535567365303,986580.3370786540068846563146,0.2164948453608244099917060958,0.2542104289531622056920962854,2.3037,56.6748,76.8848,12.2409,0.0393,50.1718,38.6025,0.5543,0.6279,-0.0736,361489325230.731,2.6352,0.0,0.07650579805957082,1.2536,85.46160093854346,0.018310575751710866
224,0.0021097054238496567,932228.7234042625349539129933,0.1752577319587619199758722787,0.3150219137900639574371253763,2.307,57.1862,127.5519,12.5534,0.1473,64.6048,50.8591,0.6591,0.6341,0.025,361489325230.731,2.6352,0.0,0.07650579805957082,1.2536,85.64209006407364,-0.007729352233700948
225,0.0005267316424125866,240872.5806451754240216709126,0.1649484536082470299901981132,0.2505074622943153939320228126,2.2529,57.3218,135.68,12.929,0.1729,81.4433,65.4066,0.7377,0.6548,0.0829,361489325230.731,2.6352,0.0,0.07650579805957082,1.2536,85.68721234545619,0.01810295283118979
226,0.013078920413365993,2332312.500000008286038521988,0.05357142857142811827631647953,0.2240046218953954735006323514,2.2063,60.6756,179.9455,13.7753,0.2085,86.8741,77.6407,0.8906,0.702,0.1886,361489325230.731,2.6352,0.0,0.07650579805957082,1.2536,86.81526938001986,0.012755218763153166
227,-0.013605652055778598,-857187.6923076860608360210027,0.2857142857142849892421063672,0.1966101060652159749718644590,2.1558,55.7673,114.6154,14.3839,0.197,83.1922,83.8365,0.8966,0.7409,0.1557,361489325230.731,2.6352,0.0,0.07650579805957082,1.2536,85.64209006407364,-0.006371044036724381
228,-0.0021097054238497065,-102922.1428571365888073466281,0.3272727272727267559689194472,0.1937125558937300606907428458,2.1018,55.0298,76.2279,14.3809,0.1309,77.7814,82.6159,0.8751,0.7678,0.1073,361489325230.731,2.6352,0.0,0.07650579805957082,1.2536,85.46160093854346,-0.005179101639053334
229,0.003162891408508217,692013.6363636338093233123892,0.2727272727272727272727272727,0.1340956342050229941750622172,2.0303,55.9704,70.1706,14.378,0.1588,70.4762,77.1499,0.8722,0.7886,0.0836,361489325230.731,2.6352,0.0,0.07650579805957082,1.2536,85.73233462683872,0.016492923511357564
230,-0.007395701961129025,-54596.66666666356320547492942,0.4000000000000005167583532801,0.09996892417192685488445324162,1.9924,53.1755,44.9612,13.9275,0.1887,66.6667,71.6414,0.8041,0.7917,0.0124,361489325230.731,2.6352,0.0,0.07650579805957082,1.2536,85.10062268748307,-0.01128627912596013
231,0.0073957019611289926,982920,0.2727272727272727272727272727,0.2347510854366755695807853018,1.9501,55.5651,50.9209,13.5091,0.2671,68.4848,68.5426,0.7975,0.7929,0.0046,361489325230.731,2.6352,0.0,0.07650579805957082,1.2536,85.73233462683872,-0.003070173615721695
232,-0.0031628914085081953,528968.5714285642694328404958,0.3272727272727267559689194472,0.2702580134711361815281176565,1.8679,54.2864,49.6859,13.1206,0.2259,66.6667,67.2727,0.7593,0.7862,-0.0269,361489325230.731,2.6352,0.0,0.07650579805957082,1.2536,85.46160093854346,0.0074645287694737866
233,-0.011683616708486281,-644972.7272727346792838161943,0.5272727272727283062439792874,0.2441890838335892163213428486,1.8202,49.7645,4.6325,12.2825,0.1058,62.4242,65.8586,0.6329,0.7555,-0.1226,361489325230.731,2.6352,0.0,0.07650579805957082,1.2536,84.46891074812741,-0.0056207421925631345
234,0.013793322132335988,1188051.515151519772535379548,0.2935779816513749506897807254,0.2976704184252231516735732005,1.8081,54.5797,28.8346,11.632,0.0726,61.7292,63.6067,0.6304,0.7305,-0.1001,361489325230.731,2.6352,0.0,0.07650579805957082,1.2536,85.64209006407364,0.00489243351660797
235,0.0010531859846586405,1087535.999999989696789270965,0.2752293577981649940827736870,0.3042395300415165464039282972,1.8218,54.9375,40.4838,11.4336,0.0302,63.464,62.5392,0.6293,0.7103,-0.081,361489325230.731,2.6352,0.0,0.07650579805957082,1.2536,85.73233462683872,-0.004758698057554903
236,0.0,1014746.190476203402048793870,0.2752293577981649940827736870,0.3140802796987981547928270676,1.7666,54.9375,48.1253,11.2494,-0.0318,71.8654,65.6862,0.6212,0.6924,-0.0713,361489325230.731,2.6352,0.0,0.07650579805957082,1.2536,85.73233462683872,0.002741079960897994
237,0.04426867945058612,5702070,0E+46,0.4078706422798492572479704828,1.9833,67.6478,233.1966,13.6066,0.0907,81.6514,72.3269,0.9508,0.7441,0.2067,361489325230.731,2.6352,0.0,0.07650579805957082,1.2536,89.61285082573774,-0.002967199841245759
238,-0.012158204479809519,-1346542.105263179380226499140,0.2000000000000004736951571734,0.4128182437547162697004625492,1.9345,62.3615,242.2772,15.7954,0.1652,84.159,79.2253,1.1025,0.8158,0.2867,361489325230.731,2.6352,0.0,0.07650579805957082,1.2536,88.52991607255662,0.01501093630354329
239,0.025164891094321403,-1.304403135212564764562286556E-8,0.2065217391304353366708478281,0.4038296562172895415619330333,2.1106,67.9761,290.0855,18.9258,0.2987,86.4493,84.0866,1.4082,0.9343,0.4739,361489325230.731,2.6352,0.0,0.07650579805957082,1.2536,90.78603014168395,0.013135923912099999
240,-0.008485201895665963,551482.1052631640818674283649,0.2989130434782607772215253620,0.3680109906784408794344667795,2.1027,64.4555,184.256,21.738,0.4243,76.4855,82.3646,1.5638,1.0602,0.5037,361489325230.731,2.6352,0.0,0.07650579805957082,1.2536,90.01895135818066,-0.010271109366040589
241,0.0025031302181184748,-552784.4444444095309358718949,0.2717391304347825247468412382,0.3052756458800585160839983466,2.0168,65.0292,160.6125,24.3494,0.4986,74.0942,79.0097,1.6879,1.1857,0.5022,361489325230.731,2.6352,0.0,0.07650579805957082,1.2536,90.24456276509339,0.009917111397832358
242,0.01980262729617973,3103884.262295090943575686567,0.08421052631578917450832178522,0.3472284293761444294573307358,2.0906,69.2983,170.6648,27.3139,0.601,78.1712,76.2503,1.9254,1.3337,0.5918,361489325230.731,2.6352,0.0,0.07650579805957082,1.2536,92.04945402039526,-0.010251730148952034
243,-0.000980873055591948,-3203064.285714242363541706917,0.1730769230769227090385243846,0.2395523408332680205756216681,2.0913,68.8457,160.2415,30.2397,0.6784,82.3658,78.2104,2.0816,1.4833,0.5983,361489325230.731,2.6352,0.0,0.07650579805957082,1.2536,91.95920945763018,0.010503832455548267
244,-0.007881814202253479,693524.9999999630415636886485,0.2500000000000006832141690001,0.2175602938687702188211779604,2.0633,65.1787,105.6936,31.68,0.6795,83.0904,81.2091,2.1164,1.6099,0.5065,361489325230.731,2.6352,0.0,0.07650579805957082,1.2536,91.23725295550942,0.005915511902529922
245,-0.0009896091851662782,0,0.2596153846153847467719555769,0.1963512043802175568712666086,2.0588,64.7147,92.2542,33.0173,0.6709,77.2436,80.8999,2.1116,1.7102,0.4014,361489325230.731,2.6352,0.0,0.07650579805957082,1.2536,91.14700839274433,-0.009355211483206328
246,-0.027096489688138607,-6888020,0.5192307692307694935439111539,0.03170862006458260190847171278,2.1046,53.616,37.416,32.8614,0.5489,65.7051,75.3464,1.8684,1.7419,0.1265,361489325230.731,2.6352,0.0,0.07650579805957082,1.2536,88.7104051980868,-0.02207261217866393
